ModelID,condition_model_formula,Log-Likelihood,Coefficient for Surprisal Score,Delta Log-Likelihood,AIC,BIC,Data Size,baseline_model_formula,Fixed Effects,Random Effects,Variance-Covariance Matrix
8465733,LogRT ~ CharacterLength_c + LogFrequencies_c + SurprisalScore_c + (1 | WorkerID) + (1 | POSTag),-169762.03545019936,0.0243172293458805,1610.186219945288,339538.0709003987,339619.6316803085,848767,LogRT ~ CharacterLength_c + LogFrequencies_c + (1 | WorkerID) + (1 | POSTag),"<table border=""1"" class=""dataframe"">
  <thead>
    <tr style=""text-align: right;"">
      <th></th>
      <th>Estimate</th>
      <th>Std. Error</th>
      <th>t value</th>
    </tr>
  </thead>
  <tbody>
    <tr>
      <th>(Intercept)</th>
      <td>5.737083</td>
      <td>0.023092</td>
      <td>248.440140</td>
    </tr>
    <tr>
      <th>CharacterLength_c</th>
      <td>0.008192</td>
      <td>0.000515</td>
      <td>15.903016</td>
    </tr>
    <tr>
      <th>LogFrequencies_c</th>
      <td>-0.013716</td>
      <td>0.000650</td>
      <td>-21.112118</td>
    </tr>
    <tr>
      <th>SurprisalScore_c</th>
      <td>0.024317</td>
      <td>0.000428</td>
      <td>56.802209</td>
    </tr>
  </tbody>
</table>","<table border=""1"" class=""dataframe"">
  <thead>
    <tr style=""text-align: right;"">
      <th></th>
      <th>grp</th>
      <th>var1</th>
      <th>var2</th>
      <th>vcov</th>
      <th>sdcor</th>
    </tr>
  </thead>
  <tbody>
    <tr>
      <th>1</th>
      <td>WorkerID</td>
      <td>(Intercept)</td>
      <td>None</td>
      <td>0.060815</td>
      <td>0.246608</td>
    </tr>
    <tr>
      <th>2</th>
      <td>POSTag</td>
      <td>(Intercept)</td>
      <td>None</td>
      <td>0.002126</td>
      <td>0.046108</td>
    </tr>
    <tr>
      <th>3</th>
      <td>Residual</td>
      <td>None</td>
      <td>None</td>
      <td>0.087196</td>
      <td>0.295290</td>
    </tr>
  </tbody>
</table>","<table border=""1"" class=""dataframe"">
  <thead>
    <tr style=""text-align: right;"">
      <th></th>
      <th>grp</th>
      <th>var1</th>
      <th>var2</th>
      <th>vcov</th>
      <th>sdcor</th>
    </tr>
  </thead>
  <tbody>
    <tr>
      <th>1</th>
      <td>WorkerID</td>
      <td>(Intercept)</td>
      <td>None</td>
      <td>0.060815</td>
      <td>0.246608</td>
    </tr>
    <tr>
      <th>2</th>
      <td>POSTag</td>
      <td>(Intercept)</td>
      <td>None</td>
      <td>0.002126</td>
      <td>0.046108</td>
    </tr>
    <tr>
      <th>3</th>
      <td>Residual</td>
      <td>None</td>
      <td>None</td>
      <td>0.087196</td>
      <td>0.295290</td>
    </tr>
  </tbody>
</table>"
8465085,LogRT ~ CharacterLength_c + LogFrequencies_c + SurprisalScore_c + (1 | WorkerID) + (1 | POSTag),-169832.66157219975,0.0239164168396738,1539.5600979448936,339679.3231443995,339760.8839243093,848767,LogRT ~ CharacterLength_c + LogFrequencies_c + (1 | WorkerID) + (1 | POSTag),"<table border=""1"" class=""dataframe"">
  <thead>
    <tr style=""text-align: right;"">
      <th></th>
      <th>Estimate</th>
      <th>Std. Error</th>
      <th>t value</th>
    </tr>
  </thead>
  <tbody>
    <tr>
      <th>(Intercept)</th>
      <td>5.736916</td>
      <td>0.023007</td>
      <td>249.359635</td>
    </tr>
    <tr>
      <th>CharacterLength_c</th>
      <td>0.008644</td>
      <td>0.000514</td>
      <td>16.805374</td>
    </tr>
    <tr>
      <th>LogFrequencies_c</th>
      <td>-0.013378</td>
      <td>0.000654</td>
      <td>-20.458371</td>
    </tr>
    <tr>
      <th>SurprisalScore_c</th>
      <td>0.023916</td>
      <td>0.000431</td>
      <td>55.540197</td>
    </tr>
  </tbody>
</table>","<table border=""1"" class=""dataframe"">
  <thead>
    <tr style=""text-align: right;"">
      <th></th>
      <th>grp</th>
      <th>var1</th>
      <th>var2</th>
      <th>vcov</th>
      <th>sdcor</th>
    </tr>
  </thead>
  <tbody>
    <tr>
      <th>1</th>
      <td>WorkerID</td>
      <td>(Intercept)</td>
      <td>None</td>
      <td>0.060817</td>
      <td>0.246610</td>
    </tr>
    <tr>
      <th>2</th>
      <td>POSTag</td>
      <td>(Intercept)</td>
      <td>None</td>
      <td>0.002082</td>
      <td>0.045633</td>
    </tr>
    <tr>
      <th>3</th>
      <td>Residual</td>
      <td>None</td>
      <td>None</td>
      <td>0.087211</td>
      <td>0.295314</td>
    </tr>
  </tbody>
</table>","<table border=""1"" class=""dataframe"">
  <thead>
    <tr style=""text-align: right;"">
      <th></th>
      <th>grp</th>
      <th>var1</th>
      <th>var2</th>
      <th>vcov</th>
      <th>sdcor</th>
    </tr>
  </thead>
  <tbody>
    <tr>
      <th>1</th>
      <td>WorkerID</td>
      <td>(Intercept)</td>
      <td>None</td>
      <td>0.060817</td>
      <td>0.246610</td>
    </tr>
    <tr>
      <th>2</th>
      <td>POSTag</td>
      <td>(Intercept)</td>
      <td>None</td>
      <td>0.002082</td>
      <td>0.045633</td>
    </tr>
    <tr>
      <th>3</th>
      <td>Residual</td>
      <td>None</td>
      <td>None</td>
      <td>0.087211</td>
      <td>0.295314</td>
    </tr>
  </tbody>
</table>"
6892214,LogRT ~ CharacterLength_c + LogFrequencies_c + SurprisalScore_c + (1 | WorkerID) + (1 | POSTag),-169681.9163708812,0.025481970237733,1690.3052992634475,339377.8327417624,339459.3935216722,848767,LogRT ~ CharacterLength_c + LogFrequencies_c + (1 | WorkerID) + (1 | POSTag),"<table border=""1"" class=""dataframe"">
  <thead>
    <tr style=""text-align: right;"">
      <th></th>
      <th>Estimate</th>
      <th>Std. Error</th>
      <th>t value</th>
    </tr>
  </thead>
  <tbody>
    <tr>
      <th>(Intercept)</th>
      <td>5.737339</td>
      <td>0.023110</td>
      <td>248.259941</td>
    </tr>
    <tr>
      <th>CharacterLength_c</th>
      <td>0.008319</td>
      <td>0.000515</td>
      <td>16.166617</td>
    </tr>
    <tr>
      <th>LogFrequencies_c</th>
      <td>-0.012223</td>
      <td>0.000657</td>
      <td>-18.600974</td>
    </tr>
    <tr>
      <th>SurprisalScore_c</th>
      <td>0.025482</td>
      <td>0.000438</td>
      <td>58.200980</td>
    </tr>
  </tbody>
</table>","<table border=""1"" class=""dataframe"">
  <thead>
    <tr style=""text-align: right;"">
      <th></th>
      <th>grp</th>
      <th>var1</th>
      <th>var2</th>
      <th>vcov</th>
      <th>sdcor</th>
    </tr>
  </thead>
  <tbody>
    <tr>
      <th>1</th>
      <td>WorkerID</td>
      <td>(Intercept)</td>
      <td>None</td>
      <td>0.060819</td>
      <td>0.246616</td>
    </tr>
    <tr>
      <th>2</th>
      <td>POSTag</td>
      <td>(Intercept)</td>
      <td>None</td>
      <td>0.002135</td>
      <td>0.046203</td>
    </tr>
    <tr>
      <th>3</th>
      <td>Residual</td>
      <td>None</td>
      <td>None</td>
      <td>0.087180</td>
      <td>0.295262</td>
    </tr>
  </tbody>
</table>","<table border=""1"" class=""dataframe"">
  <thead>
    <tr style=""text-align: right;"">
      <th></th>
      <th>grp</th>
      <th>var1</th>
      <th>var2</th>
      <th>vcov</th>
      <th>sdcor</th>
    </tr>
  </thead>
  <tbody>
    <tr>
      <th>1</th>
      <td>WorkerID</td>
      <td>(Intercept)</td>
      <td>None</td>
      <td>0.060819</td>
      <td>0.246616</td>
    </tr>
    <tr>
      <th>2</th>
      <td>POSTag</td>
      <td>(Intercept)</td>
      <td>None</td>
      <td>0.002135</td>
      <td>0.046203</td>
    </tr>
    <tr>
      <th>3</th>
      <td>Residual</td>
      <td>None</td>
      <td>None</td>
      <td>0.087180</td>
      <td>0.295262</td>
    </tr>
  </tbody>
</table>"
6839425,LogRT ~ CharacterLength_c + LogFrequencies_c + SurprisalScore_c + (1 | WorkerID) + (1 | POSTag),-169855.76352740003,0.0242953916794243,1516.45814274461,339725.52705480007,339807.08783470985,848767,LogRT ~ CharacterLength_c + LogFrequencies_c + (1 | WorkerID) + (1 | POSTag),"<table border=""1"" class=""dataframe"">
  <thead>
    <tr style=""text-align: right;"">
      <th></th>
      <th>Estimate</th>
      <th>Std. Error</th>
      <th>t value</th>
    </tr>
  </thead>
  <tbody>
    <tr>
      <th>(Intercept)</th>
      <td>5.737374</td>
      <td>0.023133</td>
      <td>248.019109</td>
    </tr>
    <tr>
      <th>CharacterLength_c</th>
      <td>0.008802</td>
      <td>0.000514</td>
      <td>17.121983</td>
    </tr>
    <tr>
      <th>LogFrequencies_c</th>
      <td>-0.012403</td>
      <td>0.000662</td>
      <td>-18.748427</td>
    </tr>
    <tr>
      <th>SurprisalScore_c</th>
      <td>0.024295</td>
      <td>0.000441</td>
      <td>55.121177</td>
    </tr>
  </tbody>
</table>","<table border=""1"" class=""dataframe"">
  <thead>
    <tr style=""text-align: right;"">
      <th></th>
      <th>grp</th>
      <th>var1</th>
      <th>var2</th>
      <th>vcov</th>
      <th>sdcor</th>
    </tr>
  </thead>
  <tbody>
    <tr>
      <th>1</th>
      <td>WorkerID</td>
      <td>(Intercept)</td>
      <td>None</td>
      <td>0.060820</td>
      <td>0.246617</td>
    </tr>
    <tr>
      <th>2</th>
      <td>POSTag</td>
      <td>(Intercept)</td>
      <td>None</td>
      <td>0.002146</td>
      <td>0.046327</td>
    </tr>
    <tr>
      <th>3</th>
      <td>Residual</td>
      <td>None</td>
      <td>None</td>
      <td>0.087215</td>
      <td>0.295322</td>
    </tr>
  </tbody>
</table>","<table border=""1"" class=""dataframe"">
  <thead>
    <tr style=""text-align: right;"">
      <th></th>
      <th>grp</th>
      <th>var1</th>
      <th>var2</th>
      <th>vcov</th>
      <th>sdcor</th>
    </tr>
  </thead>
  <tbody>
    <tr>
      <th>1</th>
      <td>WorkerID</td>
      <td>(Intercept)</td>
      <td>None</td>
      <td>0.060820</td>
      <td>0.246617</td>
    </tr>
    <tr>
      <th>2</th>
      <td>POSTag</td>
      <td>(Intercept)</td>
      <td>None</td>
      <td>0.002146</td>
      <td>0.046327</td>
    </tr>
    <tr>
      <th>3</th>
      <td>Residual</td>
      <td>None</td>
      <td>None</td>
      <td>0.087215</td>
      <td>0.295322</td>
    </tr>
  </tbody>
</table>"
8117279,LogRT ~ CharacterLength_c + LogFrequencies_c + SurprisalScore_c + (1 | WorkerID) + (1 | POSTag),-169757.7050743385,0.0238754245714752,1614.516595806141,339529.410148677,339610.9709285868,848767,LogRT ~ CharacterLength_c + LogFrequencies_c + (1 | WorkerID) + (1 | POSTag),"<table border=""1"" class=""dataframe"">
  <thead>
    <tr style=""text-align: right;"">
      <th></th>
      <th>Estimate</th>
      <th>Std. Error</th>
      <th>t value</th>
    </tr>
  </thead>
  <tbody>
    <tr>
      <th>(Intercept)</th>
      <td>5.736878</td>
      <td>0.023051</td>
      <td>248.875501</td>
    </tr>
    <tr>
      <th>CharacterLength_c</th>
      <td>0.008460</td>
      <td>0.000515</td>
      <td>16.443537</td>
    </tr>
    <tr>
      <th>LogFrequencies_c</th>
      <td>-0.014126</td>
      <td>0.000647</td>
      <td>-21.832608</td>
    </tr>
    <tr>
      <th>SurprisalScore_c</th>
      <td>0.023875</td>
      <td>0.000420</td>
      <td>56.878679</td>
    </tr>
  </tbody>
</table>","<table border=""1"" class=""dataframe"">
  <thead>
    <tr style=""text-align: right;"">
      <th></th>
      <th>grp</th>
      <th>var1</th>
      <th>var2</th>
      <th>vcov</th>
      <th>sdcor</th>
    </tr>
  </thead>
  <tbody>
    <tr>
      <th>1</th>
      <td>WorkerID</td>
      <td>(Intercept)</td>
      <td>None</td>
      <td>0.060813</td>
      <td>0.246603</td>
    </tr>
    <tr>
      <th>2</th>
      <td>POSTag</td>
      <td>(Intercept)</td>
      <td>None</td>
      <td>0.002105</td>
      <td>0.045882</td>
    </tr>
    <tr>
      <th>3</th>
      <td>Residual</td>
      <td>None</td>
      <td>None</td>
      <td>0.087195</td>
      <td>0.295288</td>
    </tr>
  </tbody>
</table>","<table border=""1"" class=""dataframe"">
  <thead>
    <tr style=""text-align: right;"">
      <th></th>
      <th>grp</th>
      <th>var1</th>
      <th>var2</th>
      <th>vcov</th>
      <th>sdcor</th>
    </tr>
  </thead>
  <tbody>
    <tr>
      <th>1</th>
      <td>WorkerID</td>
      <td>(Intercept)</td>
      <td>None</td>
      <td>0.060813</td>
      <td>0.246603</td>
    </tr>
    <tr>
      <th>2</th>
      <td>POSTag</td>
      <td>(Intercept)</td>
      <td>None</td>
      <td>0.002105</td>
      <td>0.045882</td>
    </tr>
    <tr>
      <th>3</th>
      <td>Residual</td>
      <td>None</td>
      <td>None</td>
      <td>0.087195</td>
      <td>0.295288</td>
    </tr>
  </tbody>
</table>"
8117319,LogRT ~ CharacterLength_c + LogFrequencies_c + SurprisalScore_c + (1 | WorkerID) + (1 | POSTag),-169883.9054118833,0.0232113953280397,1488.3162582613586,339781.8108237666,339863.37160367635,848767,LogRT ~ CharacterLength_c + LogFrequencies_c + (1 | WorkerID) + (1 | POSTag),"<table border=""1"" class=""dataframe"">
  <thead>
    <tr style=""text-align: right;"">
      <th></th>
      <th>Estimate</th>
      <th>Std. Error</th>
      <th>t value</th>
    </tr>
  </thead>
  <tbody>
    <tr>
      <th>(Intercept)</th>
      <td>5.737203</td>
      <td>0.023121</td>
      <td>248.140812</td>
    </tr>
    <tr>
      <th>CharacterLength_c</th>
      <td>0.008709</td>
      <td>0.000514</td>
      <td>16.931485</td>
    </tr>
    <tr>
      <th>LogFrequencies_c</th>
      <td>-0.013993</td>
      <td>0.000651</td>
      <td>-21.482353</td>
    </tr>
    <tr>
      <th>SurprisalScore_c</th>
      <td>0.023211</td>
      <td>0.000425</td>
      <td>54.606412</td>
    </tr>
  </tbody>
</table>","<table border=""1"" class=""dataframe"">
  <thead>
    <tr style=""text-align: right;"">
      <th></th>
      <th>grp</th>
      <th>var1</th>
      <th>var2</th>
      <th>vcov</th>
      <th>sdcor</th>
    </tr>
  </thead>
  <tbody>
    <tr>
      <th>1</th>
      <td>WorkerID</td>
      <td>(Intercept)</td>
      <td>None</td>
      <td>0.060817</td>
      <td>0.246612</td>
    </tr>
    <tr>
      <th>2</th>
      <td>POSTag</td>
      <td>(Intercept)</td>
      <td>None</td>
      <td>0.002140</td>
      <td>0.046263</td>
    </tr>
    <tr>
      <th>3</th>
      <td>Residual</td>
      <td>None</td>
      <td>None</td>
      <td>0.087221</td>
      <td>0.295332</td>
    </tr>
  </tbody>
</table>","<table border=""1"" class=""dataframe"">
  <thead>
    <tr style=""text-align: right;"">
      <th></th>
      <th>grp</th>
      <th>var1</th>
      <th>var2</th>
      <th>vcov</th>
      <th>sdcor</th>
    </tr>
  </thead>
  <tbody>
    <tr>
      <th>1</th>
      <td>WorkerID</td>
      <td>(Intercept)</td>
      <td>None</td>
      <td>0.060817</td>
      <td>0.246612</td>
    </tr>
    <tr>
      <th>2</th>
      <td>POSTag</td>
      <td>(Intercept)</td>
      <td>None</td>
      <td>0.002140</td>
      <td>0.046263</td>
    </tr>
    <tr>
      <th>3</th>
      <td>Residual</td>
      <td>None</td>
      <td>None</td>
      <td>0.087221</td>
      <td>0.295332</td>
    </tr>
  </tbody>
</table>"
8465604,LogRT ~ CharacterLength_c + LogFrequencies_c + SurprisalScore_c + (1 | WorkerID) + (1 | POSTag),-169810.54805652337,0.0240393231321319,1561.6736136212712,339635.09611304675,339716.6568929565,848767,LogRT ~ CharacterLength_c + LogFrequencies_c + (1 | WorkerID) + (1 | POSTag),"<table border=""1"" class=""dataframe"">
  <thead>
    <tr style=""text-align: right;"">
      <th></th>
      <th>Estimate</th>
      <th>Std. Error</th>
      <th>t value</th>
    </tr>
  </thead>
  <tbody>
    <tr>
      <th>(Intercept)</th>
      <td>5.736970</td>
      <td>0.023018</td>
      <td>249.235047</td>
    </tr>
    <tr>
      <th>CharacterLength_c</th>
      <td>0.008292</td>
      <td>0.000515</td>
      <td>16.099534</td>
    </tr>
    <tr>
      <th>LogFrequencies_c</th>
      <td>-0.013593</td>
      <td>0.000652</td>
      <td>-20.852220</td>
    </tr>
    <tr>
      <th>SurprisalScore_c</th>
      <td>0.024039</td>
      <td>0.000430</td>
      <td>55.938377</td>
    </tr>
  </tbody>
</table>","<table border=""1"" class=""dataframe"">
  <thead>
    <tr style=""text-align: right;"">
      <th></th>
      <th>grp</th>
      <th>var1</th>
      <th>var2</th>
      <th>vcov</th>
      <th>sdcor</th>
    </tr>
  </thead>
  <tbody>
    <tr>
      <th>1</th>
      <td>WorkerID</td>
      <td>(Intercept)</td>
      <td>None</td>
      <td>0.060803</td>
      <td>0.246583</td>
    </tr>
    <tr>
      <th>2</th>
      <td>POSTag</td>
      <td>(Intercept)</td>
      <td>None</td>
      <td>0.002089</td>
      <td>0.045707</td>
    </tr>
    <tr>
      <th>3</th>
      <td>Residual</td>
      <td>None</td>
      <td>None</td>
      <td>0.087206</td>
      <td>0.295307</td>
    </tr>
  </tbody>
</table>","<table border=""1"" class=""dataframe"">
  <thead>
    <tr style=""text-align: right;"">
      <th></th>
      <th>grp</th>
      <th>var1</th>
      <th>var2</th>
      <th>vcov</th>
      <th>sdcor</th>
    </tr>
  </thead>
  <tbody>
    <tr>
      <th>1</th>
      <td>WorkerID</td>
      <td>(Intercept)</td>
      <td>None</td>
      <td>0.060803</td>
      <td>0.246583</td>
    </tr>
    <tr>
      <th>2</th>
      <td>POSTag</td>
      <td>(Intercept)</td>
      <td>None</td>
      <td>0.002089</td>
      <td>0.045707</td>
    </tr>
    <tr>
      <th>3</th>
      <td>Residual</td>
      <td>None</td>
      <td>None</td>
      <td>0.087206</td>
      <td>0.295307</td>
    </tr>
  </tbody>
</table>"
8465082,LogRT ~ CharacterLength_c + LogFrequencies_c + SurprisalScore_c + (1 | WorkerID) + (1 | POSTag),-169843.1167258534,0.0238578627998285,1529.1049442912336,339700.2334517068,339781.7942316166,848767,LogRT ~ CharacterLength_c + LogFrequencies_c + (1 | WorkerID) + (1 | POSTag),"<table border=""1"" class=""dataframe"">
  <thead>
    <tr style=""text-align: right;"">
      <th></th>
      <th>Estimate</th>
      <th>Std. Error</th>
      <th>t value</th>
    </tr>
  </thead>
  <tbody>
    <tr>
      <th>(Intercept)</th>
      <td>5.736982</td>
      <td>0.023033</td>
      <td>249.078785</td>
    </tr>
    <tr>
      <th>CharacterLength_c</th>
      <td>0.008665</td>
      <td>0.000514</td>
      <td>16.847607</td>
    </tr>
    <tr>
      <th>LogFrequencies_c</th>
      <td>-0.013296</td>
      <td>0.000655</td>
      <td>-20.305291</td>
    </tr>
    <tr>
      <th>SurprisalScore_c</th>
      <td>0.023858</td>
      <td>0.000431</td>
      <td>55.350944</td>
    </tr>
  </tbody>
</table>","<table border=""1"" class=""dataframe"">
  <thead>
    <tr style=""text-align: right;"">
      <th></th>
      <th>grp</th>
      <th>var1</th>
      <th>var2</th>
      <th>vcov</th>
      <th>sdcor</th>
    </tr>
  </thead>
  <tbody>
    <tr>
      <th>1</th>
      <td>WorkerID</td>
      <td>(Intercept)</td>
      <td>None</td>
      <td>0.060820</td>
      <td>0.246618</td>
    </tr>
    <tr>
      <th>2</th>
      <td>POSTag</td>
      <td>(Intercept)</td>
      <td>None</td>
      <td>0.002095</td>
      <td>0.045776</td>
    </tr>
    <tr>
      <th>3</th>
      <td>Residual</td>
      <td>None</td>
      <td>None</td>
      <td>0.087213</td>
      <td>0.295318</td>
    </tr>
  </tbody>
</table>","<table border=""1"" class=""dataframe"">
  <thead>
    <tr style=""text-align: right;"">
      <th></th>
      <th>grp</th>
      <th>var1</th>
      <th>var2</th>
      <th>vcov</th>
      <th>sdcor</th>
    </tr>
  </thead>
  <tbody>
    <tr>
      <th>1</th>
      <td>WorkerID</td>
      <td>(Intercept)</td>
      <td>None</td>
      <td>0.060820</td>
      <td>0.246618</td>
    </tr>
    <tr>
      <th>2</th>
      <td>POSTag</td>
      <td>(Intercept)</td>
      <td>None</td>
      <td>0.002095</td>
      <td>0.045776</td>
    </tr>
    <tr>
      <th>3</th>
      <td>Residual</td>
      <td>None</td>
      <td>None</td>
      <td>0.087213</td>
      <td>0.295318</td>
    </tr>
  </tbody>
</table>"
6892212,LogRT ~ CharacterLength_c + LogFrequencies_c + SurprisalScore_c + (1 | WorkerID) + (1 | POSTag),-169804.1688657899,0.0245777887660175,1568.0528043547529,339622.3377315798,339703.8985114896,848767,LogRT ~ CharacterLength_c + LogFrequencies_c + (1 | WorkerID) + (1 | POSTag),"<table border=""1"" class=""dataframe"">
  <thead>
    <tr style=""text-align: right;"">
      <th></th>
      <th>Estimate</th>
      <th>Std. Error</th>
      <th>t value</th>
    </tr>
  </thead>
  <tbody>
    <tr>
      <th>(Intercept)</th>
      <td>5.737093</td>
      <td>0.022893</td>
      <td>250.609396</td>
    </tr>
    <tr>
      <th>CharacterLength_c</th>
      <td>0.008589</td>
      <td>0.000514</td>
      <td>16.698731</td>
    </tr>
    <tr>
      <th>LogFrequencies_c</th>
      <td>-0.012570</td>
      <td>0.000659</td>
      <td>-19.086102</td>
    </tr>
    <tr>
      <th>SurprisalScore_c</th>
      <td>0.024578</td>
      <td>0.000438</td>
      <td>56.052788</td>
    </tr>
  </tbody>
</table>","<table border=""1"" class=""dataframe"">
  <thead>
    <tr style=""text-align: right;"">
      <th></th>
      <th>grp</th>
      <th>var1</th>
      <th>var2</th>
      <th>vcov</th>
      <th>sdcor</th>
    </tr>
  </thead>
  <tbody>
    <tr>
      <th>1</th>
      <td>WorkerID</td>
      <td>(Intercept)</td>
      <td>None</td>
      <td>0.060836</td>
      <td>0.246649</td>
    </tr>
    <tr>
      <th>2</th>
      <td>POSTag</td>
      <td>(Intercept)</td>
      <td>None</td>
      <td>0.002024</td>
      <td>0.044985</td>
    </tr>
    <tr>
      <th>3</th>
      <td>Residual</td>
      <td>None</td>
      <td>None</td>
      <td>0.087205</td>
      <td>0.295305</td>
    </tr>
  </tbody>
</table>","<table border=""1"" class=""dataframe"">
  <thead>
    <tr style=""text-align: right;"">
      <th></th>
      <th>grp</th>
      <th>var1</th>
      <th>var2</th>
      <th>vcov</th>
      <th>sdcor</th>
    </tr>
  </thead>
  <tbody>
    <tr>
      <th>1</th>
      <td>WorkerID</td>
      <td>(Intercept)</td>
      <td>None</td>
      <td>0.060836</td>
      <td>0.246649</td>
    </tr>
    <tr>
      <th>2</th>
      <td>POSTag</td>
      <td>(Intercept)</td>
      <td>None</td>
      <td>0.002024</td>
      <td>0.044985</td>
    </tr>
    <tr>
      <th>3</th>
      <td>Residual</td>
      <td>None</td>
      <td>None</td>
      <td>0.087205</td>
      <td>0.295305</td>
    </tr>
  </tbody>
</table>"
6839403,LogRT ~ CharacterLength_c + LogFrequencies_c + SurprisalScore_c + (1 | WorkerID) + (1 | POSTag),-169915.58549045704,0.023847251332063,1456.6361796876008,339845.1709809141,339926.73176082387,848767,LogRT ~ CharacterLength_c + LogFrequencies_c + (1 | WorkerID) + (1 | POSTag),"<table border=""1"" class=""dataframe"">
  <thead>
    <tr style=""text-align: right;"">
      <th></th>
      <th>Estimate</th>
      <th>Std. Error</th>
      <th>t value</th>
    </tr>
  </thead>
  <tbody>
    <tr>
      <th>(Intercept)</th>
      <td>5.737509</td>
      <td>0.023181</td>
      <td>247.505725</td>
    </tr>
    <tr>
      <th>CharacterLength_c</th>
      <td>0.008984</td>
      <td>0.000514</td>
      <td>17.484112</td>
    </tr>
    <tr>
      <th>LogFrequencies_c</th>
      <td>-0.012536</td>
      <td>0.000663</td>
      <td>-18.915115</td>
    </tr>
    <tr>
      <th>SurprisalScore_c</th>
      <td>0.023847</td>
      <td>0.000441</td>
      <td>54.021135</td>
    </tr>
  </tbody>
</table>","<table border=""1"" class=""dataframe"">
  <thead>
    <tr style=""text-align: right;"">
      <th></th>
      <th>grp</th>
      <th>var1</th>
      <th>var2</th>
      <th>vcov</th>
      <th>sdcor</th>
    </tr>
  </thead>
  <tbody>
    <tr>
      <th>1</th>
      <td>WorkerID</td>
      <td>(Intercept)</td>
      <td>None</td>
      <td>0.060808</td>
      <td>0.246593</td>
    </tr>
    <tr>
      <th>2</th>
      <td>POSTag</td>
      <td>(Intercept)</td>
      <td>None</td>
      <td>0.002172</td>
      <td>0.046601</td>
    </tr>
    <tr>
      <th>3</th>
      <td>Residual</td>
      <td>None</td>
      <td>None</td>
      <td>0.087228</td>
      <td>0.295343</td>
    </tr>
  </tbody>
</table>","<table border=""1"" class=""dataframe"">
  <thead>
    <tr style=""text-align: right;"">
      <th></th>
      <th>grp</th>
      <th>var1</th>
      <th>var2</th>
      <th>vcov</th>
      <th>sdcor</th>
    </tr>
  </thead>
  <tbody>
    <tr>
      <th>1</th>
      <td>WorkerID</td>
      <td>(Intercept)</td>
      <td>None</td>
      <td>0.060808</td>
      <td>0.246593</td>
    </tr>
    <tr>
      <th>2</th>
      <td>POSTag</td>
      <td>(Intercept)</td>
      <td>None</td>
      <td>0.002172</td>
      <td>0.046601</td>
    </tr>
    <tr>
      <th>3</th>
      <td>Residual</td>
      <td>None</td>
      <td>None</td>
      <td>0.087228</td>
      <td>0.295343</td>
    </tr>
  </tbody>
</table>"
8111923,LogRT ~ CharacterLength_c + LogFrequencies_c + SurprisalScore_c + (1 | WorkerID) + (1 | POSTag),-169900.7331243794,0.0228381654171315,1471.4885457652565,339815.4662487588,339897.02702866856,848767,LogRT ~ CharacterLength_c + LogFrequencies_c + (1 | WorkerID) + (1 | POSTag),"<table border=""1"" class=""dataframe"">
  <thead>
    <tr style=""text-align: right;"">
      <th></th>
      <th>Estimate</th>
      <th>Std. Error</th>
      <th>t value</th>
    </tr>
  </thead>
  <tbody>
    <tr>
      <th>(Intercept)</th>
      <td>5.736926</td>
      <td>0.022981</td>
      <td>249.639718</td>
    </tr>
    <tr>
      <th>CharacterLength_c</th>
      <td>0.008280</td>
      <td>0.000515</td>
      <td>16.064776</td>
    </tr>
    <tr>
      <th>LogFrequencies_c</th>
      <td>-0.014945</td>
      <td>0.000646</td>
      <td>-23.147645</td>
    </tr>
    <tr>
      <th>SurprisalScore_c</th>
      <td>0.022838</td>
      <td>0.000421</td>
      <td>54.296292</td>
    </tr>
  </tbody>
</table>","<table border=""1"" class=""dataframe"">
  <thead>
    <tr style=""text-align: right;"">
      <th></th>
      <th>grp</th>
      <th>var1</th>
      <th>var2</th>
      <th>vcov</th>
      <th>sdcor</th>
    </tr>
  </thead>
  <tbody>
    <tr>
      <th>1</th>
      <td>WorkerID</td>
      <td>(Intercept)</td>
      <td>None</td>
      <td>0.060815</td>
      <td>0.246608</td>
    </tr>
    <tr>
      <th>2</th>
      <td>POSTag</td>
      <td>(Intercept)</td>
      <td>None</td>
      <td>0.002069</td>
      <td>0.045491</td>
    </tr>
    <tr>
      <th>3</th>
      <td>Residual</td>
      <td>None</td>
      <td>None</td>
      <td>0.087225</td>
      <td>0.295338</td>
    </tr>
  </tbody>
</table>","<table border=""1"" class=""dataframe"">
  <thead>
    <tr style=""text-align: right;"">
      <th></th>
      <th>grp</th>
      <th>var1</th>
      <th>var2</th>
      <th>vcov</th>
      <th>sdcor</th>
    </tr>
  </thead>
  <tbody>
    <tr>
      <th>1</th>
      <td>WorkerID</td>
      <td>(Intercept)</td>
      <td>None</td>
      <td>0.060815</td>
      <td>0.246608</td>
    </tr>
    <tr>
      <th>2</th>
      <td>POSTag</td>
      <td>(Intercept)</td>
      <td>None</td>
      <td>0.002069</td>
      <td>0.045491</td>
    </tr>
    <tr>
      <th>3</th>
      <td>Residual</td>
      <td>None</td>
      <td>None</td>
      <td>0.087225</td>
      <td>0.295338</td>
    </tr>
  </tbody>
</table>"
8111939,LogRT ~ CharacterLength_c + LogFrequencies_c + SurprisalScore_c + (1 | WorkerID) + (1 | POSTag),-169855.0824126003,0.0233954304402165,1517.1392575443317,339724.1648252006,339805.7256051104,848767,LogRT ~ CharacterLength_c + LogFrequencies_c + (1 | WorkerID) + (1 | POSTag),"<table border=""1"" class=""dataframe"">
  <thead>
    <tr style=""text-align: right;"">
      <th></th>
      <th>Estimate</th>
      <th>Std. Error</th>
      <th>t value</th>
    </tr>
  </thead>
  <tbody>
    <tr>
      <th>(Intercept)</th>
      <td>5.736486</td>
      <td>0.022737</td>
      <td>252.302084</td>
    </tr>
    <tr>
      <th>CharacterLength_c</th>
      <td>0.008728</td>
      <td>0.000514</td>
      <td>16.973382</td>
    </tr>
    <tr>
      <th>LogFrequencies_c</th>
      <td>-0.013922</td>
      <td>0.000651</td>
      <td>-21.386880</td>
    </tr>
    <tr>
      <th>SurprisalScore_c</th>
      <td>0.023395</td>
      <td>0.000424</td>
      <td>55.133829</td>
    </tr>
  </tbody>
</table>","<table border=""1"" class=""dataframe"">
  <thead>
    <tr style=""text-align: right;"">
      <th></th>
      <th>grp</th>
      <th>var1</th>
      <th>var2</th>
      <th>vcov</th>
      <th>sdcor</th>
    </tr>
  </thead>
  <tbody>
    <tr>
      <th>1</th>
      <td>WorkerID</td>
      <td>(Intercept)</td>
      <td>None</td>
      <td>0.060808</td>
      <td>0.246593</td>
    </tr>
    <tr>
      <th>2</th>
      <td>POSTag</td>
      <td>(Intercept)</td>
      <td>None</td>
      <td>0.001947</td>
      <td>0.044126</td>
    </tr>
    <tr>
      <th>3</th>
      <td>Residual</td>
      <td>None</td>
      <td>None</td>
      <td>0.087215</td>
      <td>0.295322</td>
    </tr>
  </tbody>
</table>","<table border=""1"" class=""dataframe"">
  <thead>
    <tr style=""text-align: right;"">
      <th></th>
      <th>grp</th>
      <th>var1</th>
      <th>var2</th>
      <th>vcov</th>
      <th>sdcor</th>
    </tr>
  </thead>
  <tbody>
    <tr>
      <th>1</th>
      <td>WorkerID</td>
      <td>(Intercept)</td>
      <td>None</td>
      <td>0.060808</td>
      <td>0.246593</td>
    </tr>
    <tr>
      <th>2</th>
      <td>POSTag</td>
      <td>(Intercept)</td>
      <td>None</td>
      <td>0.001947</td>
      <td>0.044126</td>
    </tr>
    <tr>
      <th>3</th>
      <td>Residual</td>
      <td>None</td>
      <td>None</td>
      <td>0.087215</td>
      <td>0.295322</td>
    </tr>
  </tbody>
</table>"
8465611,LogRT ~ CharacterLength_c + LogFrequencies_c + SurprisalScore_c + (1 | WorkerID) + (1 | POSTag),-169702.22747143765,0.0246377058104122,1669.9941987070197,339418.45494287525,339500.015722785,848767,LogRT ~ CharacterLength_c + LogFrequencies_c + (1 | WorkerID) + (1 | POSTag),"<table border=""1"" class=""dataframe"">
  <thead>
    <tr style=""text-align: right;"">
      <th></th>
      <th>Estimate</th>
      <th>Std. Error</th>
      <th>t value</th>
    </tr>
  </thead>
  <tbody>
    <tr>
      <th>(Intercept)</th>
      <td>5.736496</td>
      <td>0.022826</td>
      <td>251.318262</td>
    </tr>
    <tr>
      <th>CharacterLength_c</th>
      <td>0.008299</td>
      <td>0.000515</td>
      <td>16.123588</td>
    </tr>
    <tr>
      <th>LogFrequencies_c</th>
      <td>-0.013422</td>
      <td>0.000650</td>
      <td>-20.650456</td>
    </tr>
    <tr>
      <th>SurprisalScore_c</th>
      <td>0.024638</td>
      <td>0.000426</td>
      <td>57.849669</td>
    </tr>
  </tbody>
</table>","<table border=""1"" class=""dataframe"">
  <thead>
    <tr style=""text-align: right;"">
      <th></th>
      <th>grp</th>
      <th>var1</th>
      <th>var2</th>
      <th>vcov</th>
      <th>sdcor</th>
    </tr>
  </thead>
  <tbody>
    <tr>
      <th>1</th>
      <td>WorkerID</td>
      <td>(Intercept)</td>
      <td>None</td>
      <td>0.060807</td>
      <td>0.246591</td>
    </tr>
    <tr>
      <th>2</th>
      <td>POSTag</td>
      <td>(Intercept)</td>
      <td>None</td>
      <td>0.001992</td>
      <td>0.044629</td>
    </tr>
    <tr>
      <th>3</th>
      <td>Residual</td>
      <td>None</td>
      <td>None</td>
      <td>0.087184</td>
      <td>0.295269</td>
    </tr>
  </tbody>
</table>","<table border=""1"" class=""dataframe"">
  <thead>
    <tr style=""text-align: right;"">
      <th></th>
      <th>grp</th>
      <th>var1</th>
      <th>var2</th>
      <th>vcov</th>
      <th>sdcor</th>
    </tr>
  </thead>
  <tbody>
    <tr>
      <th>1</th>
      <td>WorkerID</td>
      <td>(Intercept)</td>
      <td>None</td>
      <td>0.060807</td>
      <td>0.246591</td>
    </tr>
    <tr>
      <th>2</th>
      <td>POSTag</td>
      <td>(Intercept)</td>
      <td>None</td>
      <td>0.001992</td>
      <td>0.044629</td>
    </tr>
    <tr>
      <th>3</th>
      <td>Residual</td>
      <td>None</td>
      <td>None</td>
      <td>0.087184</td>
      <td>0.295269</td>
    </tr>
  </tbody>
</table>"
8465091,LogRT ~ CharacterLength_c + LogFrequencies_c + SurprisalScore_c + (1 | WorkerID) + (1 | POSTag),-169783.211968622,0.0242395952662715,1589.0097015226493,339580.423937244,339661.98471715377,848767,LogRT ~ CharacterLength_c + LogFrequencies_c + (1 | WorkerID) + (1 | POSTag),"<table border=""1"" class=""dataframe"">
  <thead>
    <tr style=""text-align: right;"">
      <th></th>
      <th>Estimate</th>
      <th>Std. Error</th>
      <th>t value</th>
    </tr>
  </thead>
  <tbody>
    <tr>
      <th>(Intercept)</th>
      <td>5.736902</td>
      <td>0.023079</td>
      <td>248.580003</td>
    </tr>
    <tr>
      <th>CharacterLength_c</th>
      <td>0.008776</td>
      <td>0.000514</td>
      <td>17.077186</td>
    </tr>
    <tr>
      <th>LogFrequencies_c</th>
      <td>-0.013046</td>
      <td>0.000655</td>
      <td>-19.927964</td>
    </tr>
    <tr>
      <th>SurprisalScore_c</th>
      <td>0.024240</td>
      <td>0.000430</td>
      <td>56.426748</td>
    </tr>
  </tbody>
</table>","<table border=""1"" class=""dataframe"">
  <thead>
    <tr style=""text-align: right;"">
      <th></th>
      <th>grp</th>
      <th>var1</th>
      <th>var2</th>
      <th>vcov</th>
      <th>sdcor</th>
    </tr>
  </thead>
  <tbody>
    <tr>
      <th>1</th>
      <td>WorkerID</td>
      <td>(Intercept)</td>
      <td>None</td>
      <td>0.060839</td>
      <td>0.246657</td>
    </tr>
    <tr>
      <th>2</th>
      <td>POSTag</td>
      <td>(Intercept)</td>
      <td>None</td>
      <td>0.002118</td>
      <td>0.046016</td>
    </tr>
    <tr>
      <th>3</th>
      <td>Residual</td>
      <td>None</td>
      <td>None</td>
      <td>0.087200</td>
      <td>0.295297</td>
    </tr>
  </tbody>
</table>","<table border=""1"" class=""dataframe"">
  <thead>
    <tr style=""text-align: right;"">
      <th></th>
      <th>grp</th>
      <th>var1</th>
      <th>var2</th>
      <th>vcov</th>
      <th>sdcor</th>
    </tr>
  </thead>
  <tbody>
    <tr>
      <th>1</th>
      <td>WorkerID</td>
      <td>(Intercept)</td>
      <td>None</td>
      <td>0.060839</td>
      <td>0.246657</td>
    </tr>
    <tr>
      <th>2</th>
      <td>POSTag</td>
      <td>(Intercept)</td>
      <td>None</td>
      <td>0.002118</td>
      <td>0.046016</td>
    </tr>
    <tr>
      <th>3</th>
      <td>Residual</td>
      <td>None</td>
      <td>None</td>
      <td>0.087200</td>
      <td>0.295297</td>
    </tr>
  </tbody>
</table>"
6892220,LogRT ~ CharacterLength_c + LogFrequencies_c + SurprisalScore_c + (1 | WorkerID) + (1 | POSTag),-169692.56651692957,0.0258095499791319,1679.655153215077,339399.13303385914,339480.6938137689,848767,LogRT ~ CharacterLength_c + LogFrequencies_c + (1 | WorkerID) + (1 | POSTag),"<table border=""1"" class=""dataframe"">
  <thead>
    <tr style=""text-align: right;"">
      <th></th>
      <th>Estimate</th>
      <th>Std. Error</th>
      <th>t value</th>
    </tr>
  </thead>
  <tbody>
    <tr>
      <th>(Intercept)</th>
      <td>5.736583</td>
      <td>0.022737</td>
      <td>252.296522</td>
    </tr>
    <tr>
      <th>CharacterLength_c</th>
      <td>0.008090</td>
      <td>0.000515</td>
      <td>15.704574</td>
    </tr>
    <tr>
      <th>LogFrequencies_c</th>
      <td>-0.011816</td>
      <td>0.000660</td>
      <td>-17.898421</td>
    </tr>
    <tr>
      <th>SurprisalScore_c</th>
      <td>0.025810</td>
      <td>0.000445</td>
      <td>58.017216</td>
    </tr>
  </tbody>
</table>","<table border=""1"" class=""dataframe"">
  <thead>
    <tr style=""text-align: right;"">
      <th></th>
      <th>grp</th>
      <th>var1</th>
      <th>var2</th>
      <th>vcov</th>
      <th>sdcor</th>
    </tr>
  </thead>
  <tbody>
    <tr>
      <th>1</th>
      <td>WorkerID</td>
      <td>(Intercept)</td>
      <td>None</td>
      <td>0.060813</td>
      <td>0.246604</td>
    </tr>
    <tr>
      <th>2</th>
      <td>POSTag</td>
      <td>(Intercept)</td>
      <td>None</td>
      <td>0.001947</td>
      <td>0.044127</td>
    </tr>
    <tr>
      <th>3</th>
      <td>Residual</td>
      <td>None</td>
      <td>None</td>
      <td>0.087182</td>
      <td>0.295266</td>
    </tr>
  </tbody>
</table>","<table border=""1"" class=""dataframe"">
  <thead>
    <tr style=""text-align: right;"">
      <th></th>
      <th>grp</th>
      <th>var1</th>
      <th>var2</th>
      <th>vcov</th>
      <th>sdcor</th>
    </tr>
  </thead>
  <tbody>
    <tr>
      <th>1</th>
      <td>WorkerID</td>
      <td>(Intercept)</td>
      <td>None</td>
      <td>0.060813</td>
      <td>0.246604</td>
    </tr>
    <tr>
      <th>2</th>
      <td>POSTag</td>
      <td>(Intercept)</td>
      <td>None</td>
      <td>0.001947</td>
      <td>0.044127</td>
    </tr>
    <tr>
      <th>3</th>
      <td>Residual</td>
      <td>None</td>
      <td>None</td>
      <td>0.087182</td>
      <td>0.295266</td>
    </tr>
  </tbody>
</table>"
6839430,LogRT ~ CharacterLength_c + LogFrequencies_c + SurprisalScore_c + (1 | WorkerID) + (1 | POSTag),-169742.3873248619,0.0252304975971529,1629.834345282754,339498.7746497238,339580.3354296336,848767,LogRT ~ CharacterLength_c + LogFrequencies_c + (1 | WorkerID) + (1 | POSTag),"<table border=""1"" class=""dataframe"">
  <thead>
    <tr style=""text-align: right;"">
      <th></th>
      <th>Estimate</th>
      <th>Std. Error</th>
      <th>t value</th>
    </tr>
  </thead>
  <tbody>
    <tr>
      <th>(Intercept)</th>
      <td>5.737390</td>
      <td>0.023128</td>
      <td>248.071061</td>
    </tr>
    <tr>
      <th>CharacterLength_c</th>
      <td>0.008568</td>
      <td>0.000514</td>
      <td>16.661957</td>
    </tr>
    <tr>
      <th>LogFrequencies_c</th>
      <td>-0.011999</td>
      <td>0.000661</td>
      <td>-18.165291</td>
    </tr>
    <tr>
      <th>SurprisalScore_c</th>
      <td>0.025230</td>
      <td>0.000441</td>
      <td>57.148392</td>
    </tr>
  </tbody>
</table>","<table border=""1"" class=""dataframe"">
  <thead>
    <tr style=""text-align: right;"">
      <th></th>
      <th>grp</th>
      <th>var1</th>
      <th>var2</th>
      <th>vcov</th>
      <th>sdcor</th>
    </tr>
  </thead>
  <tbody>
    <tr>
      <th>1</th>
      <td>WorkerID</td>
      <td>(Intercept)</td>
      <td>None</td>
      <td>0.060825</td>
      <td>0.246628</td>
    </tr>
    <tr>
      <th>2</th>
      <td>POSTag</td>
      <td>(Intercept)</td>
      <td>None</td>
      <td>0.002143</td>
      <td>0.046297</td>
    </tr>
    <tr>
      <th>3</th>
      <td>Residual</td>
      <td>None</td>
      <td>None</td>
      <td>0.087192</td>
      <td>0.295283</td>
    </tr>
  </tbody>
</table>","<table border=""1"" class=""dataframe"">
  <thead>
    <tr style=""text-align: right;"">
      <th></th>
      <th>grp</th>
      <th>var1</th>
      <th>var2</th>
      <th>vcov</th>
      <th>sdcor</th>
    </tr>
  </thead>
  <tbody>
    <tr>
      <th>1</th>
      <td>WorkerID</td>
      <td>(Intercept)</td>
      <td>None</td>
      <td>0.060825</td>
      <td>0.246628</td>
    </tr>
    <tr>
      <th>2</th>
      <td>POSTag</td>
      <td>(Intercept)</td>
      <td>None</td>
      <td>0.002143</td>
      <td>0.046297</td>
    </tr>
    <tr>
      <th>3</th>
      <td>Residual</td>
      <td>None</td>
      <td>None</td>
      <td>0.087192</td>
      <td>0.295283</td>
    </tr>
  </tbody>
</table>"
8111928,LogRT ~ CharacterLength_c + LogFrequencies_c + SurprisalScore_c + (1 | WorkerID) + (1 | POSTag),-169819.6206165387,0.0235157731182972,1552.601053605933,339653.2412330774,339734.8020129872,848767,LogRT ~ CharacterLength_c + LogFrequencies_c + (1 | WorkerID) + (1 | POSTag),"<table border=""1"" class=""dataframe"">
  <thead>
    <tr style=""text-align: right;"">
      <th></th>
      <th>Estimate</th>
      <th>Std. Error</th>
      <th>t value</th>
    </tr>
  </thead>
  <tbody>
    <tr>
      <th>(Intercept)</th>
      <td>5.736580</td>
      <td>0.022835</td>
      <td>251.215223</td>
    </tr>
    <tr>
      <th>CharacterLength_c</th>
      <td>0.008546</td>
      <td>0.000515</td>
      <td>16.609811</td>
    </tr>
    <tr>
      <th>LogFrequencies_c</th>
      <td>-0.014167</td>
      <td>0.000648</td>
      <td>-21.850126</td>
    </tr>
    <tr>
      <th>SurprisalScore_c</th>
      <td>0.023516</td>
      <td>0.000422</td>
      <td>55.775478</td>
    </tr>
  </tbody>
</table>","<table border=""1"" class=""dataframe"">
  <thead>
    <tr style=""text-align: right;"">
      <th></th>
      <th>grp</th>
      <th>var1</th>
      <th>var2</th>
      <th>vcov</th>
      <th>sdcor</th>
    </tr>
  </thead>
  <tbody>
    <tr>
      <th>1</th>
      <td>WorkerID</td>
      <td>(Intercept)</td>
      <td>None</td>
      <td>0.060826</td>
      <td>0.246629</td>
    </tr>
    <tr>
      <th>2</th>
      <td>POSTag</td>
      <td>(Intercept)</td>
      <td>None</td>
      <td>0.001995</td>
      <td>0.044671</td>
    </tr>
    <tr>
      <th>3</th>
      <td>Residual</td>
      <td>None</td>
      <td>None</td>
      <td>0.087208</td>
      <td>0.295310</td>
    </tr>
  </tbody>
</table>","<table border=""1"" class=""dataframe"">
  <thead>
    <tr style=""text-align: right;"">
      <th></th>
      <th>grp</th>
      <th>var1</th>
      <th>var2</th>
      <th>vcov</th>
      <th>sdcor</th>
    </tr>
  </thead>
  <tbody>
    <tr>
      <th>1</th>
      <td>WorkerID</td>
      <td>(Intercept)</td>
      <td>None</td>
      <td>0.060826</td>
      <td>0.246629</td>
    </tr>
    <tr>
      <th>2</th>
      <td>POSTag</td>
      <td>(Intercept)</td>
      <td>None</td>
      <td>0.001995</td>
      <td>0.044671</td>
    </tr>
    <tr>
      <th>3</th>
      <td>Residual</td>
      <td>None</td>
      <td>None</td>
      <td>0.087208</td>
      <td>0.295310</td>
    </tr>
  </tbody>
</table>"
8111942,LogRT ~ CharacterLength_c + LogFrequencies_c + SurprisalScore_c + (1 | WorkerID) + (1 | POSTag),-169947.69297977706,0.0226906920821753,1424.5286903675878,339909.3859595541,339990.9467394639,848767,LogRT ~ CharacterLength_c + LogFrequencies_c + (1 | WorkerID) + (1 | POSTag),"<table border=""1"" class=""dataframe"">
  <thead>
    <tr style=""text-align: right;"">
      <th></th>
      <th>Estimate</th>
      <th>Std. Error</th>
      <th>t value</th>
    </tr>
  </thead>
  <tbody>
    <tr>
      <th>(Intercept)</th>
      <td>5.736833</td>
      <td>0.022936</td>
      <td>250.125148</td>
    </tr>
    <tr>
      <th>CharacterLength_c</th>
      <td>0.008843</td>
      <td>0.000514</td>
      <td>17.195491</td>
    </tr>
    <tr>
      <th>LogFrequencies_c</th>
      <td>-0.014237</td>
      <td>0.000652</td>
      <td>-21.847857</td>
    </tr>
    <tr>
      <th>SurprisalScore_c</th>
      <td>0.022691</td>
      <td>0.000425</td>
      <td>53.421427</td>
    </tr>
  </tbody>
</table>","<table border=""1"" class=""dataframe"">
  <thead>
    <tr style=""text-align: right;"">
      <th></th>
      <th>grp</th>
      <th>var1</th>
      <th>var2</th>
      <th>vcov</th>
      <th>sdcor</th>
    </tr>
  </thead>
  <tbody>
    <tr>
      <th>1</th>
      <td>WorkerID</td>
      <td>(Intercept)</td>
      <td>None</td>
      <td>0.060809</td>
      <td>0.246594</td>
    </tr>
    <tr>
      <th>2</th>
      <td>POSTag</td>
      <td>(Intercept)</td>
      <td>None</td>
      <td>0.002047</td>
      <td>0.045245</td>
    </tr>
    <tr>
      <th>3</th>
      <td>Residual</td>
      <td>None</td>
      <td>None</td>
      <td>0.087234</td>
      <td>0.295354</td>
    </tr>
  </tbody>
</table>","<table border=""1"" class=""dataframe"">
  <thead>
    <tr style=""text-align: right;"">
      <th></th>
      <th>grp</th>
      <th>var1</th>
      <th>var2</th>
      <th>vcov</th>
      <th>sdcor</th>
    </tr>
  </thead>
  <tbody>
    <tr>
      <th>1</th>
      <td>WorkerID</td>
      <td>(Intercept)</td>
      <td>None</td>
      <td>0.060809</td>
      <td>0.246594</td>
    </tr>
    <tr>
      <th>2</th>
      <td>POSTag</td>
      <td>(Intercept)</td>
      <td>None</td>
      <td>0.002047</td>
      <td>0.045245</td>
    </tr>
    <tr>
      <th>3</th>
      <td>Residual</td>
      <td>None</td>
      <td>None</td>
      <td>0.087234</td>
      <td>0.295354</td>
    </tr>
  </tbody>
</table>"
8465607,LogRT ~ CharacterLength_c + LogFrequencies_c + SurprisalScore_c + (1 | WorkerID) + (1 | POSTag),-169744.67300978978,0.0245173643267175,1627.5486603548634,339503.3460195796,339584.90679948934,848767,LogRT ~ CharacterLength_c + LogFrequencies_c + (1 | WorkerID) + (1 | POSTag),"<table border=""1"" class=""dataframe"">
  <thead>
    <tr style=""text-align: right;"">
      <th></th>
      <th>Estimate</th>
      <th>Std. Error</th>
      <th>t value</th>
    </tr>
  </thead>
  <tbody>
    <tr>
      <th>(Intercept)</th>
      <td>5.736619</td>
      <td>0.022838</td>
      <td>251.182994</td>
    </tr>
    <tr>
      <th>CharacterLength_c</th>
      <td>0.008258</td>
      <td>0.000515</td>
      <td>16.037641</td>
    </tr>
    <tr>
      <th>LogFrequencies_c</th>
      <td>-0.013452</td>
      <td>0.000651</td>
      <td>-20.666250</td>
    </tr>
    <tr>
      <th>SurprisalScore_c</th>
      <td>0.024517</td>
      <td>0.000429</td>
      <td>57.108332</td>
    </tr>
  </tbody>
</table>","<table border=""1"" class=""dataframe"">
  <thead>
    <tr style=""text-align: right;"">
      <th></th>
      <th>grp</th>
      <th>var1</th>
      <th>var2</th>
      <th>vcov</th>
      <th>sdcor</th>
    </tr>
  </thead>
  <tbody>
    <tr>
      <th>1</th>
      <td>WorkerID</td>
      <td>(Intercept)</td>
      <td>None</td>
      <td>0.060831</td>
      <td>0.246639</td>
    </tr>
    <tr>
      <th>2</th>
      <td>POSTag</td>
      <td>(Intercept)</td>
      <td>None</td>
      <td>0.001997</td>
      <td>0.044685</td>
    </tr>
    <tr>
      <th>3</th>
      <td>Residual</td>
      <td>None</td>
      <td>None</td>
      <td>0.087193</td>
      <td>0.295284</td>
    </tr>
  </tbody>
</table>","<table border=""1"" class=""dataframe"">
  <thead>
    <tr style=""text-align: right;"">
      <th></th>
      <th>grp</th>
      <th>var1</th>
      <th>var2</th>
      <th>vcov</th>
      <th>sdcor</th>
    </tr>
  </thead>
  <tbody>
    <tr>
      <th>1</th>
      <td>WorkerID</td>
      <td>(Intercept)</td>
      <td>None</td>
      <td>0.060831</td>
      <td>0.246639</td>
    </tr>
    <tr>
      <th>2</th>
      <td>POSTag</td>
      <td>(Intercept)</td>
      <td>None</td>
      <td>0.001997</td>
      <td>0.044685</td>
    </tr>
    <tr>
      <th>3</th>
      <td>Residual</td>
      <td>None</td>
      <td>None</td>
      <td>0.087193</td>
      <td>0.295284</td>
    </tr>
  </tbody>
</table>"
8465086,LogRT ~ CharacterLength_c + LogFrequencies_c + SurprisalScore_c + (1 | WorkerID) + (1 | POSTag),-169857.15060846807,0.0236777014768618,1515.0710616765718,339728.30121693615,339809.8619968459,848767,LogRT ~ CharacterLength_c + LogFrequencies_c + (1 | WorkerID) + (1 | POSTag),"<table border=""1"" class=""dataframe"">
  <thead>
    <tr style=""text-align: right;"">
      <th></th>
      <th>Estimate</th>
      <th>Std. Error</th>
      <th>t value</th>
    </tr>
  </thead>
  <tbody>
    <tr>
      <th>(Intercept)</th>
      <td>5.737074</td>
      <td>0.023101</td>
      <td>248.351359</td>
    </tr>
    <tr>
      <th>CharacterLength_c</th>
      <td>0.008483</td>
      <td>0.000515</td>
      <td>16.478194</td>
    </tr>
    <tr>
      <th>LogFrequencies_c</th>
      <td>-0.013893</td>
      <td>0.000651</td>
      <td>-21.333192</td>
    </tr>
    <tr>
      <th>SurprisalScore_c</th>
      <td>0.023678</td>
      <td>0.000430</td>
      <td>55.095907</td>
    </tr>
  </tbody>
</table>","<table border=""1"" class=""dataframe"">
  <thead>
    <tr style=""text-align: right;"">
      <th></th>
      <th>grp</th>
      <th>var1</th>
      <th>var2</th>
      <th>vcov</th>
      <th>sdcor</th>
    </tr>
  </thead>
  <tbody>
    <tr>
      <th>1</th>
      <td>WorkerID</td>
      <td>(Intercept)</td>
      <td>None</td>
      <td>0.060824</td>
      <td>0.246626</td>
    </tr>
    <tr>
      <th>2</th>
      <td>POSTag</td>
      <td>(Intercept)</td>
      <td>None</td>
      <td>0.002130</td>
      <td>0.046147</td>
    </tr>
    <tr>
      <th>3</th>
      <td>Residual</td>
      <td>None</td>
      <td>None</td>
      <td>0.087216</td>
      <td>0.295323</td>
    </tr>
  </tbody>
</table>","<table border=""1"" class=""dataframe"">
  <thead>
    <tr style=""text-align: right;"">
      <th></th>
      <th>grp</th>
      <th>var1</th>
      <th>var2</th>
      <th>vcov</th>
      <th>sdcor</th>
    </tr>
  </thead>
  <tbody>
    <tr>
      <th>1</th>
      <td>WorkerID</td>
      <td>(Intercept)</td>
      <td>None</td>
      <td>0.060824</td>
      <td>0.246626</td>
    </tr>
    <tr>
      <th>2</th>
      <td>POSTag</td>
      <td>(Intercept)</td>
      <td>None</td>
      <td>0.002130</td>
      <td>0.046147</td>
    </tr>
    <tr>
      <th>3</th>
      <td>Residual</td>
      <td>None</td>
      <td>None</td>
      <td>0.087216</td>
      <td>0.295323</td>
    </tr>
  </tbody>
</table>"
6892216,LogRT ~ CharacterLength_c + LogFrequencies_c + SurprisalScore_c + (1 | WorkerID) + (1 | POSTag),-169600.4901271942,0.026123576933332,1771.731542950438,339214.9802543884,339296.5410342982,848767,LogRT ~ CharacterLength_c + LogFrequencies_c + (1 | WorkerID) + (1 | POSTag),"<table border=""1"" class=""dataframe"">
  <thead>
    <tr style=""text-align: right;"">
      <th></th>
      <th>Estimate</th>
      <th>Std. Error</th>
      <th>t value</th>
    </tr>
  </thead>
  <tbody>
    <tr>
      <th>(Intercept)</th>
      <td>5.736467</td>
      <td>0.022655</td>
      <td>253.212625</td>
    </tr>
    <tr>
      <th>CharacterLength_c</th>
      <td>0.008233</td>
      <td>0.000515</td>
      <td>16.001225</td>
    </tr>
    <tr>
      <th>LogFrequencies_c</th>
      <td>-0.011775</td>
      <td>0.000658</td>
      <td>-17.904213</td>
    </tr>
    <tr>
      <th>SurprisalScore_c</th>
      <td>0.026124</td>
      <td>0.000438</td>
      <td>59.589600</td>
    </tr>
  </tbody>
</table>","<table border=""1"" class=""dataframe"">
  <thead>
    <tr style=""text-align: right;"">
      <th></th>
      <th>grp</th>
      <th>var1</th>
      <th>var2</th>
      <th>vcov</th>
      <th>sdcor</th>
    </tr>
  </thead>
  <tbody>
    <tr>
      <th>1</th>
      <td>WorkerID</td>
      <td>(Intercept)</td>
      <td>None</td>
      <td>0.060844</td>
      <td>0.246666</td>
    </tr>
    <tr>
      <th>2</th>
      <td>POSTag</td>
      <td>(Intercept)</td>
      <td>None</td>
      <td>0.001904</td>
      <td>0.043635</td>
    </tr>
    <tr>
      <th>3</th>
      <td>Residual</td>
      <td>None</td>
      <td>None</td>
      <td>0.087163</td>
      <td>0.295234</td>
    </tr>
  </tbody>
</table>","<table border=""1"" class=""dataframe"">
  <thead>
    <tr style=""text-align: right;"">
      <th></th>
      <th>grp</th>
      <th>var1</th>
      <th>var2</th>
      <th>vcov</th>
      <th>sdcor</th>
    </tr>
  </thead>
  <tbody>
    <tr>
      <th>1</th>
      <td>WorkerID</td>
      <td>(Intercept)</td>
      <td>None</td>
      <td>0.060844</td>
      <td>0.246666</td>
    </tr>
    <tr>
      <th>2</th>
      <td>POSTag</td>
      <td>(Intercept)</td>
      <td>None</td>
      <td>0.001904</td>
      <td>0.043635</td>
    </tr>
    <tr>
      <th>3</th>
      <td>Residual</td>
      <td>None</td>
      <td>None</td>
      <td>0.087163</td>
      <td>0.295234</td>
    </tr>
  </tbody>
</table>"
6839426,LogRT ~ CharacterLength_c + LogFrequencies_c + SurprisalScore_c + (1 | WorkerID) + (1 | POSTag),-169721.69818204638,0.0254303762987501,1650.5234880982607,339457.3963640928,339538.95714400255,848767,LogRT ~ CharacterLength_c + LogFrequencies_c + (1 | WorkerID) + (1 | POSTag),"<table border=""1"" class=""dataframe"">
  <thead>
    <tr style=""text-align: right;"">
      <th></th>
      <th>Estimate</th>
      <th>Std. Error</th>
      <th>t value</th>
    </tr>
  </thead>
  <tbody>
    <tr>
      <th>(Intercept)</th>
      <td>5.737275</td>
      <td>0.023150</td>
      <td>247.829157</td>
    </tr>
    <tr>
      <th>CharacterLength_c</th>
      <td>0.008653</td>
      <td>0.000514</td>
      <td>16.835245</td>
    </tr>
    <tr>
      <th>LogFrequencies_c</th>
      <td>-0.011760</td>
      <td>0.000662</td>
      <td>-17.777623</td>
    </tr>
    <tr>
      <th>SurprisalScore_c</th>
      <td>0.025430</td>
      <td>0.000442</td>
      <td>57.510680</td>
    </tr>
  </tbody>
</table>","<table border=""1"" class=""dataframe"">
  <thead>
    <tr style=""text-align: right;"">
      <th></th>
      <th>grp</th>
      <th>var1</th>
      <th>var2</th>
      <th>vcov</th>
      <th>sdcor</th>
    </tr>
  </thead>
  <tbody>
    <tr>
      <th>1</th>
      <td>WorkerID</td>
      <td>(Intercept)</td>
      <td>None</td>
      <td>0.060830</td>
      <td>0.246637</td>
    </tr>
    <tr>
      <th>2</th>
      <td>POSTag</td>
      <td>(Intercept)</td>
      <td>None</td>
      <td>0.002154</td>
      <td>0.046416</td>
    </tr>
    <tr>
      <th>3</th>
      <td>Residual</td>
      <td>None</td>
      <td>None</td>
      <td>0.087188</td>
      <td>0.295276</td>
    </tr>
  </tbody>
</table>","<table border=""1"" class=""dataframe"">
  <thead>
    <tr style=""text-align: right;"">
      <th></th>
      <th>grp</th>
      <th>var1</th>
      <th>var2</th>
      <th>vcov</th>
      <th>sdcor</th>
    </tr>
  </thead>
  <tbody>
    <tr>
      <th>1</th>
      <td>WorkerID</td>
      <td>(Intercept)</td>
      <td>None</td>
      <td>0.060830</td>
      <td>0.246637</td>
    </tr>
    <tr>
      <th>2</th>
      <td>POSTag</td>
      <td>(Intercept)</td>
      <td>None</td>
      <td>0.002154</td>
      <td>0.046416</td>
    </tr>
    <tr>
      <th>3</th>
      <td>Residual</td>
      <td>None</td>
      <td>None</td>
      <td>0.087188</td>
      <td>0.295276</td>
    </tr>
  </tbody>
</table>"
8111925,LogRT ~ CharacterLength_c + LogFrequencies_c + SurprisalScore_c + (1 | WorkerID) + (1 | POSTag),-169732.7354083955,0.0240190448926528,1639.4862617491451,339479.470816791,339561.0315967008,848767,LogRT ~ CharacterLength_c + LogFrequencies_c + (1 | WorkerID) + (1 | POSTag),"<table border=""1"" class=""dataframe"">
  <thead>
    <tr style=""text-align: right;"">
      <th></th>
      <th>Estimate</th>
      <th>Std. Error</th>
      <th>t value</th>
    </tr>
  </thead>
  <tbody>
    <tr>
      <th>(Intercept)</th>
      <td>5.736754</td>
      <td>0.022892</td>
      <td>250.604144</td>
    </tr>
    <tr>
      <th>CharacterLength_c</th>
      <td>0.008260</td>
      <td>0.000515</td>
      <td>16.043500</td>
    </tr>
    <tr>
      <th>LogFrequencies_c</th>
      <td>-0.014259</td>
      <td>0.000646</td>
      <td>-22.087159</td>
    </tr>
    <tr>
      <th>SurprisalScore_c</th>
      <td>0.024019</td>
      <td>0.000419</td>
      <td>57.317733</td>
    </tr>
  </tbody>
</table>","<table border=""1"" class=""dataframe"">
  <thead>
    <tr style=""text-align: right;"">
      <th></th>
      <th>grp</th>
      <th>var1</th>
      <th>var2</th>
      <th>vcov</th>
      <th>sdcor</th>
    </tr>
  </thead>
  <tbody>
    <tr>
      <th>1</th>
      <td>WorkerID</td>
      <td>(Intercept)</td>
      <td>None</td>
      <td>0.060811</td>
      <td>0.246600</td>
    </tr>
    <tr>
      <th>2</th>
      <td>POSTag</td>
      <td>(Intercept)</td>
      <td>None</td>
      <td>0.002025</td>
      <td>0.044997</td>
    </tr>
    <tr>
      <th>3</th>
      <td>Residual</td>
      <td>None</td>
      <td>None</td>
      <td>0.087190</td>
      <td>0.295280</td>
    </tr>
  </tbody>
</table>","<table border=""1"" class=""dataframe"">
  <thead>
    <tr style=""text-align: right;"">
      <th></th>
      <th>grp</th>
      <th>var1</th>
      <th>var2</th>
      <th>vcov</th>
      <th>sdcor</th>
    </tr>
  </thead>
  <tbody>
    <tr>
      <th>1</th>
      <td>WorkerID</td>
      <td>(Intercept)</td>
      <td>None</td>
      <td>0.060811</td>
      <td>0.246600</td>
    </tr>
    <tr>
      <th>2</th>
      <td>POSTag</td>
      <td>(Intercept)</td>
      <td>None</td>
      <td>0.002025</td>
      <td>0.044997</td>
    </tr>
    <tr>
      <th>3</th>
      <td>Residual</td>
      <td>None</td>
      <td>None</td>
      <td>0.087190</td>
      <td>0.295280</td>
    </tr>
  </tbody>
</table>"
8111941,LogRT ~ CharacterLength_c + LogFrequencies_c + SurprisalScore_c + (1 | WorkerID) + (1 | POSTag),-169886.15114794637,0.0231915266907134,1486.070522198279,339786.30229589273,339867.8630758025,848767,LogRT ~ CharacterLength_c + LogFrequencies_c + (1 | WorkerID) + (1 | POSTag),"<table border=""1"" class=""dataframe"">
  <thead>
    <tr style=""text-align: right;"">
      <th></th>
      <th>Estimate</th>
      <th>Std. Error</th>
      <th>t value</th>
    </tr>
  </thead>
  <tbody>
    <tr>
      <th>(Intercept)</th>
      <td>5.737141</td>
      <td>0.023072</td>
      <td>248.657976</td>
    </tr>
    <tr>
      <th>CharacterLength_c</th>
      <td>0.008714</td>
      <td>0.000514</td>
      <td>16.942519</td>
    </tr>
    <tr>
      <th>LogFrequencies_c</th>
      <td>-0.014153</td>
      <td>0.000650</td>
      <td>-21.761906</td>
    </tr>
    <tr>
      <th>SurprisalScore_c</th>
      <td>0.023192</td>
      <td>0.000425</td>
      <td>54.565115</td>
    </tr>
  </tbody>
</table>","<table border=""1"" class=""dataframe"">
  <thead>
    <tr style=""text-align: right;"">
      <th></th>
      <th>grp</th>
      <th>var1</th>
      <th>var2</th>
      <th>vcov</th>
      <th>sdcor</th>
    </tr>
  </thead>
  <tbody>
    <tr>
      <th>1</th>
      <td>WorkerID</td>
      <td>(Intercept)</td>
      <td>None</td>
      <td>0.060808</td>
      <td>0.246592</td>
    </tr>
    <tr>
      <th>2</th>
      <td>POSTag</td>
      <td>(Intercept)</td>
      <td>None</td>
      <td>0.002116</td>
      <td>0.046003</td>
    </tr>
    <tr>
      <th>3</th>
      <td>Residual</td>
      <td>None</td>
      <td>None</td>
      <td>0.087222</td>
      <td>0.295333</td>
    </tr>
  </tbody>
</table>","<table border=""1"" class=""dataframe"">
  <thead>
    <tr style=""text-align: right;"">
      <th></th>
      <th>grp</th>
      <th>var1</th>
      <th>var2</th>
      <th>vcov</th>
      <th>sdcor</th>
    </tr>
  </thead>
  <tbody>
    <tr>
      <th>1</th>
      <td>WorkerID</td>
      <td>(Intercept)</td>
      <td>None</td>
      <td>0.060808</td>
      <td>0.246592</td>
    </tr>
    <tr>
      <th>2</th>
      <td>POSTag</td>
      <td>(Intercept)</td>
      <td>None</td>
      <td>0.002116</td>
      <td>0.046003</td>
    </tr>
    <tr>
      <th>3</th>
      <td>Residual</td>
      <td>None</td>
      <td>None</td>
      <td>0.087222</td>
      <td>0.295333</td>
    </tr>
  </tbody>
</table>"
8465610,LogRT ~ CharacterLength_c + LogFrequencies_c + SurprisalScore_c + (1 | WorkerID) + (1 | POSTag),-169761.47649095263,0.0242190088983192,1610.7451791920175,339536.95298190526,339618.51376181503,848767,LogRT ~ CharacterLength_c + LogFrequencies_c + (1 | WorkerID) + (1 | POSTag),"<table border=""1"" class=""dataframe"">
  <thead>
    <tr style=""text-align: right;"">
      <th></th>
      <th>Estimate</th>
      <th>Std. Error</th>
      <th>t value</th>
    </tr>
  </thead>
  <tbody>
    <tr>
      <th>(Intercept)</th>
      <td>5.736741</td>
      <td>0.022957</td>
      <td>249.888097</td>
    </tr>
    <tr>
      <th>CharacterLength_c</th>
      <td>0.008285</td>
      <td>0.000515</td>
      <td>16.091062</td>
    </tr>
    <tr>
      <th>LogFrequencies_c</th>
      <td>-0.013707</td>
      <td>0.000650</td>
      <td>-21.095879</td>
    </tr>
    <tr>
      <th>SurprisalScore_c</th>
      <td>0.024219</td>
      <td>0.000426</td>
      <td>56.812103</td>
    </tr>
  </tbody>
</table>","<table border=""1"" class=""dataframe"">
  <thead>
    <tr style=""text-align: right;"">
      <th></th>
      <th>grp</th>
      <th>var1</th>
      <th>var2</th>
      <th>vcov</th>
      <th>sdcor</th>
    </tr>
  </thead>
  <tbody>
    <tr>
      <th>1</th>
      <td>WorkerID</td>
      <td>(Intercept)</td>
      <td>None</td>
      <td>0.060815</td>
      <td>0.246607</td>
    </tr>
    <tr>
      <th>2</th>
      <td>POSTag</td>
      <td>(Intercept)</td>
      <td>None</td>
      <td>0.002058</td>
      <td>0.045360</td>
    </tr>
    <tr>
      <th>3</th>
      <td>Residual</td>
      <td>None</td>
      <td>None</td>
      <td>0.087196</td>
      <td>0.295290</td>
    </tr>
  </tbody>
</table>","<table border=""1"" class=""dataframe"">
  <thead>
    <tr style=""text-align: right;"">
      <th></th>
      <th>grp</th>
      <th>var1</th>
      <th>var2</th>
      <th>vcov</th>
      <th>sdcor</th>
    </tr>
  </thead>
  <tbody>
    <tr>
      <th>1</th>
      <td>WorkerID</td>
      <td>(Intercept)</td>
      <td>None</td>
      <td>0.060815</td>
      <td>0.246607</td>
    </tr>
    <tr>
      <th>2</th>
      <td>POSTag</td>
      <td>(Intercept)</td>
      <td>None</td>
      <td>0.002058</td>
      <td>0.045360</td>
    </tr>
    <tr>
      <th>3</th>
      <td>Residual</td>
      <td>None</td>
      <td>None</td>
      <td>0.087196</td>
      <td>0.295290</td>
    </tr>
  </tbody>
</table>"
8465090,LogRT ~ CharacterLength_c + LogFrequencies_c + SurprisalScore_c + (1 | WorkerID) + (1 | POSTag),-169776.5653905779,0.0242023252317565,1595.656279566756,339567.1307811558,339648.6915610656,848767,LogRT ~ CharacterLength_c + LogFrequencies_c + (1 | WorkerID) + (1 | POSTag),"<table border=""1"" class=""dataframe"">
  <thead>
    <tr style=""text-align: right;"">
      <th></th>
      <th>Estimate</th>
      <th>Std. Error</th>
      <th>t value</th>
    </tr>
  </thead>
  <tbody>
    <tr>
      <th>(Intercept)</th>
      <td>5.736718</td>
      <td>0.022958</td>
      <td>249.881464</td>
    </tr>
    <tr>
      <th>CharacterLength_c</th>
      <td>0.008494</td>
      <td>0.000514</td>
      <td>16.510110</td>
    </tr>
    <tr>
      <th>LogFrequencies_c</th>
      <td>-0.013448</td>
      <td>0.000652</td>
      <td>-20.631453</td>
    </tr>
    <tr>
      <th>SurprisalScore_c</th>
      <td>0.024202</td>
      <td>0.000428</td>
      <td>56.544877</td>
    </tr>
  </tbody>
</table>","<table border=""1"" class=""dataframe"">
  <thead>
    <tr style=""text-align: right;"">
      <th></th>
      <th>grp</th>
      <th>var1</th>
      <th>var2</th>
      <th>vcov</th>
      <th>sdcor</th>
    </tr>
  </thead>
  <tbody>
    <tr>
      <th>1</th>
      <td>WorkerID</td>
      <td>(Intercept)</td>
      <td>None</td>
      <td>0.060819</td>
      <td>0.246615</td>
    </tr>
    <tr>
      <th>2</th>
      <td>POSTag</td>
      <td>(Intercept)</td>
      <td>None</td>
      <td>0.002058</td>
      <td>0.045360</td>
    </tr>
    <tr>
      <th>3</th>
      <td>Residual</td>
      <td>None</td>
      <td>None</td>
      <td>0.087199</td>
      <td>0.295295</td>
    </tr>
  </tbody>
</table>","<table border=""1"" class=""dataframe"">
  <thead>
    <tr style=""text-align: right;"">
      <th></th>
      <th>grp</th>
      <th>var1</th>
      <th>var2</th>
      <th>vcov</th>
      <th>sdcor</th>
    </tr>
  </thead>
  <tbody>
    <tr>
      <th>1</th>
      <td>WorkerID</td>
      <td>(Intercept)</td>
      <td>None</td>
      <td>0.060819</td>
      <td>0.246615</td>
    </tr>
    <tr>
      <th>2</th>
      <td>POSTag</td>
      <td>(Intercept)</td>
      <td>None</td>
      <td>0.002058</td>
      <td>0.045360</td>
    </tr>
    <tr>
      <th>3</th>
      <td>Residual</td>
      <td>None</td>
      <td>None</td>
      <td>0.087199</td>
      <td>0.295295</td>
    </tr>
  </tbody>
</table>"
6892219,LogRT ~ CharacterLength_c + LogFrequencies_c + SurprisalScore_c + (1 | WorkerID) + (1 | POSTag),-169733.48684840865,0.0251598659593045,1638.7348217359977,339480.9736968173,339562.5344767271,848767,LogRT ~ CharacterLength_c + LogFrequencies_c + (1 | WorkerID) + (1 | POSTag),"<table border=""1"" class=""dataframe"">
  <thead>
    <tr style=""text-align: right;"">
      <th></th>
      <th>Estimate</th>
      <th>Std. Error</th>
      <th>t value</th>
    </tr>
  </thead>
  <tbody>
    <tr>
      <th>(Intercept)</th>
      <td>5.736941</td>
      <td>0.022941</td>
      <td>250.075383</td>
    </tr>
    <tr>
      <th>CharacterLength_c</th>
      <td>0.008155</td>
      <td>0.000515</td>
      <td>15.830708</td>
    </tr>
    <tr>
      <th>LogFrequencies_c</th>
      <td>-0.012481</td>
      <td>0.000657</td>
      <td>-18.998901</td>
    </tr>
    <tr>
      <th>SurprisalScore_c</th>
      <td>0.025160</td>
      <td>0.000439</td>
      <td>57.304540</td>
    </tr>
  </tbody>
</table>","<table border=""1"" class=""dataframe"">
  <thead>
    <tr style=""text-align: right;"">
      <th></th>
      <th>grp</th>
      <th>var1</th>
      <th>var2</th>
      <th>vcov</th>
      <th>sdcor</th>
    </tr>
  </thead>
  <tbody>
    <tr>
      <th>1</th>
      <td>WorkerID</td>
      <td>(Intercept)</td>
      <td>None</td>
      <td>0.060830</td>
      <td>0.246638</td>
    </tr>
    <tr>
      <th>2</th>
      <td>POSTag</td>
      <td>(Intercept)</td>
      <td>None</td>
      <td>0.002048</td>
      <td>0.045258</td>
    </tr>
    <tr>
      <th>3</th>
      <td>Residual</td>
      <td>None</td>
      <td>None</td>
      <td>0.087190</td>
      <td>0.295280</td>
    </tr>
  </tbody>
</table>","<table border=""1"" class=""dataframe"">
  <thead>
    <tr style=""text-align: right;"">
      <th></th>
      <th>grp</th>
      <th>var1</th>
      <th>var2</th>
      <th>vcov</th>
      <th>sdcor</th>
    </tr>
  </thead>
  <tbody>
    <tr>
      <th>1</th>
      <td>WorkerID</td>
      <td>(Intercept)</td>
      <td>None</td>
      <td>0.060830</td>
      <td>0.246638</td>
    </tr>
    <tr>
      <th>2</th>
      <td>POSTag</td>
      <td>(Intercept)</td>
      <td>None</td>
      <td>0.002048</td>
      <td>0.045258</td>
    </tr>
    <tr>
      <th>3</th>
      <td>Residual</td>
      <td>None</td>
      <td>None</td>
      <td>0.087190</td>
      <td>0.295280</td>
    </tr>
  </tbody>
</table>"
6839429,LogRT ~ CharacterLength_c + LogFrequencies_c + SurprisalScore_c + (1 | WorkerID) + (1 | POSTag),-169829.59736807717,0.0243826872749895,1542.6243020674738,339673.19473615434,339754.7555160641,848767,LogRT ~ CharacterLength_c + LogFrequencies_c + (1 | WorkerID) + (1 | POSTag),"<table border=""1"" class=""dataframe"">
  <thead>
    <tr style=""text-align: right;"">
      <th></th>
      <th>Estimate</th>
      <th>Std. Error</th>
      <th>t value</th>
    </tr>
  </thead>
  <tbody>
    <tr>
      <th>(Intercept)</th>
      <td>5.737323</td>
      <td>0.023081</td>
      <td>248.575520</td>
    </tr>
    <tr>
      <th>CharacterLength_c</th>
      <td>0.008827</td>
      <td>0.000514</td>
      <td>17.175254</td>
    </tr>
    <tr>
      <th>LogFrequencies_c</th>
      <td>-0.012541</td>
      <td>0.000660</td>
      <td>-19.012675</td>
    </tr>
    <tr>
      <th>SurprisalScore_c</th>
      <td>0.024383</td>
      <td>0.000439</td>
      <td>55.595539</td>
    </tr>
  </tbody>
</table>","<table border=""1"" class=""dataframe"">
  <thead>
    <tr style=""text-align: right;"">
      <th></th>
      <th>grp</th>
      <th>var1</th>
      <th>var2</th>
      <th>vcov</th>
      <th>sdcor</th>
    </tr>
  </thead>
  <tbody>
    <tr>
      <th>1</th>
      <td>WorkerID</td>
      <td>(Intercept)</td>
      <td>None</td>
      <td>0.060821</td>
      <td>0.246619</td>
    </tr>
    <tr>
      <th>2</th>
      <td>POSTag</td>
      <td>(Intercept)</td>
      <td>None</td>
      <td>0.002120</td>
      <td>0.046041</td>
    </tr>
    <tr>
      <th>3</th>
      <td>Residual</td>
      <td>None</td>
      <td>None</td>
      <td>0.087210</td>
      <td>0.295313</td>
    </tr>
  </tbody>
</table>","<table border=""1"" class=""dataframe"">
  <thead>
    <tr style=""text-align: right;"">
      <th></th>
      <th>grp</th>
      <th>var1</th>
      <th>var2</th>
      <th>vcov</th>
      <th>sdcor</th>
    </tr>
  </thead>
  <tbody>
    <tr>
      <th>1</th>
      <td>WorkerID</td>
      <td>(Intercept)</td>
      <td>None</td>
      <td>0.060821</td>
      <td>0.246619</td>
    </tr>
    <tr>
      <th>2</th>
      <td>POSTag</td>
      <td>(Intercept)</td>
      <td>None</td>
      <td>0.002120</td>
      <td>0.046041</td>
    </tr>
    <tr>
      <th>3</th>
      <td>Residual</td>
      <td>None</td>
      <td>None</td>
      <td>0.087210</td>
      <td>0.295313</td>
    </tr>
  </tbody>
</table>"
8117282,LogRT ~ CharacterLength_c + LogFrequencies_c + SurprisalScore_c + (1 | WorkerID) + (1 | POSTag),-169816.30047689643,0.0234768632123949,1555.921193248214,339646.60095379286,339728.16173370264,848767,LogRT ~ CharacterLength_c + LogFrequencies_c + (1 | WorkerID) + (1 | POSTag),"<table border=""1"" class=""dataframe"">
  <thead>
    <tr style=""text-align: right;"">
      <th></th>
      <th>Estimate</th>
      <th>Std. Error</th>
      <th>t value</th>
    </tr>
  </thead>
  <tbody>
    <tr>
      <th>(Intercept)</th>
      <td>5.736889</td>
      <td>0.023071</td>
      <td>248.659958</td>
    </tr>
    <tr>
      <th>CharacterLength_c</th>
      <td>0.008522</td>
      <td>0.000515</td>
      <td>16.562791</td>
    </tr>
    <tr>
      <th>LogFrequencies_c</th>
      <td>-0.014268</td>
      <td>0.000648</td>
      <td>-22.030631</td>
    </tr>
    <tr>
      <th>SurprisalScore_c</th>
      <td>0.023477</td>
      <td>0.000420</td>
      <td>55.835069</td>
    </tr>
  </tbody>
</table>","<table border=""1"" class=""dataframe"">
  <thead>
    <tr style=""text-align: right;"">
      <th></th>
      <th>grp</th>
      <th>var1</th>
      <th>var2</th>
      <th>vcov</th>
      <th>sdcor</th>
    </tr>
  </thead>
  <tbody>
    <tr>
      <th>1</th>
      <td>WorkerID</td>
      <td>(Intercept)</td>
      <td>None</td>
      <td>0.060819</td>
      <td>0.246616</td>
    </tr>
    <tr>
      <th>2</th>
      <td>POSTag</td>
      <td>(Intercept)</td>
      <td>None</td>
      <td>0.002115</td>
      <td>0.045989</td>
    </tr>
    <tr>
      <th>3</th>
      <td>Residual</td>
      <td>None</td>
      <td>None</td>
      <td>0.087207</td>
      <td>0.295309</td>
    </tr>
  </tbody>
</table>","<table border=""1"" class=""dataframe"">
  <thead>
    <tr style=""text-align: right;"">
      <th></th>
      <th>grp</th>
      <th>var1</th>
      <th>var2</th>
      <th>vcov</th>
      <th>sdcor</th>
    </tr>
  </thead>
  <tbody>
    <tr>
      <th>1</th>
      <td>WorkerID</td>
      <td>(Intercept)</td>
      <td>None</td>
      <td>0.060819</td>
      <td>0.246616</td>
    </tr>
    <tr>
      <th>2</th>
      <td>POSTag</td>
      <td>(Intercept)</td>
      <td>None</td>
      <td>0.002115</td>
      <td>0.045989</td>
    </tr>
    <tr>
      <th>3</th>
      <td>Residual</td>
      <td>None</td>
      <td>None</td>
      <td>0.087207</td>
      <td>0.295309</td>
    </tr>
  </tbody>
</table>"
8117325,LogRT ~ CharacterLength_c + LogFrequencies_c + SurprisalScore_c + (1 | WorkerID) + (1 | POSTag),-169837.7681947647,0.0235233525967733,1534.453475379938,339689.5363895294,339771.0971694392,848767,LogRT ~ CharacterLength_c + LogFrequencies_c + (1 | WorkerID) + (1 | POSTag),"<table border=""1"" class=""dataframe"">
  <thead>
    <tr style=""text-align: right;"">
      <th></th>
      <th>Estimate</th>
      <th>Std. Error</th>
      <th>t value</th>
    </tr>
  </thead>
  <tbody>
    <tr>
      <th>(Intercept)</th>
      <td>5.736850</td>
      <td>0.023027</td>
      <td>249.139351</td>
    </tr>
    <tr>
      <th>CharacterLength_c</th>
      <td>0.008567</td>
      <td>0.000515</td>
      <td>16.651072</td>
    </tr>
    <tr>
      <th>LogFrequencies_c</th>
      <td>-0.014059</td>
      <td>0.000650</td>
      <td>-21.643711</td>
    </tr>
    <tr>
      <th>SurprisalScore_c</th>
      <td>0.023523</td>
      <td>0.000424</td>
      <td>55.447839</td>
    </tr>
  </tbody>
</table>","<table border=""1"" class=""dataframe"">
  <thead>
    <tr style=""text-align: right;"">
      <th></th>
      <th>grp</th>
      <th>var1</th>
      <th>var2</th>
      <th>vcov</th>
      <th>sdcor</th>
    </tr>
  </thead>
  <tbody>
    <tr>
      <th>1</th>
      <td>WorkerID</td>
      <td>(Intercept)</td>
      <td>None</td>
      <td>0.060813</td>
      <td>0.246604</td>
    </tr>
    <tr>
      <th>2</th>
      <td>POSTag</td>
      <td>(Intercept)</td>
      <td>None</td>
      <td>0.002093</td>
      <td>0.045746</td>
    </tr>
    <tr>
      <th>3</th>
      <td>Residual</td>
      <td>None</td>
      <td>None</td>
      <td>0.087212</td>
      <td>0.295316</td>
    </tr>
  </tbody>
</table>","<table border=""1"" class=""dataframe"">
  <thead>
    <tr style=""text-align: right;"">
      <th></th>
      <th>grp</th>
      <th>var1</th>
      <th>var2</th>
      <th>vcov</th>
      <th>sdcor</th>
    </tr>
  </thead>
  <tbody>
    <tr>
      <th>1</th>
      <td>WorkerID</td>
      <td>(Intercept)</td>
      <td>None</td>
      <td>0.060813</td>
      <td>0.246604</td>
    </tr>
    <tr>
      <th>2</th>
      <td>POSTag</td>
      <td>(Intercept)</td>
      <td>None</td>
      <td>0.002093</td>
      <td>0.045746</td>
    </tr>
    <tr>
      <th>3</th>
      <td>Residual</td>
      <td>None</td>
      <td>None</td>
      <td>0.087212</td>
      <td>0.295316</td>
    </tr>
  </tbody>
</table>"
8096895,LogRT ~ CharacterLength_c + LogFrequencies_c + SurprisalScore_c + (1 | WorkerID) + (1 | POSTag),-169778.83987364464,0.0241629302766168,1593.3817965000053,339571.6797472893,339653.24052719906,848767,LogRT ~ CharacterLength_c + LogFrequencies_c + (1 | WorkerID) + (1 | POSTag),"<table border=""1"" class=""dataframe"">
  <thead>
    <tr style=""text-align: right;"">
      <th></th>
      <th>Estimate</th>
      <th>Std. Error</th>
      <th>t value</th>
    </tr>
  </thead>
  <tbody>
    <tr>
      <th>(Intercept)</th>
      <td>5.736937</td>
      <td>0.022995</td>
      <td>249.483943</td>
    </tr>
    <tr>
      <th>CharacterLength_c</th>
      <td>0.008019</td>
      <td>0.000516</td>
      <td>15.552215</td>
    </tr>
    <tr>
      <th>LogFrequencies_c</th>
      <td>-0.013883</td>
      <td>0.000649</td>
      <td>-21.387767</td>
    </tr>
    <tr>
      <th>SurprisalScore_c</th>
      <td>0.024163</td>
      <td>0.000428</td>
      <td>56.504472</td>
    </tr>
  </tbody>
</table>","<table border=""1"" class=""dataframe"">
  <thead>
    <tr style=""text-align: right;"">
      <th></th>
      <th>grp</th>
      <th>var1</th>
      <th>var2</th>
      <th>vcov</th>
      <th>sdcor</th>
    </tr>
  </thead>
  <tbody>
    <tr>
      <th>1</th>
      <td>WorkerID</td>
      <td>(Intercept)</td>
      <td>None</td>
      <td>0.060812</td>
      <td>0.246601</td>
    </tr>
    <tr>
      <th>2</th>
      <td>POSTag</td>
      <td>(Intercept)</td>
      <td>None</td>
      <td>0.002077</td>
      <td>0.045573</td>
    </tr>
    <tr>
      <th>3</th>
      <td>Residual</td>
      <td>None</td>
      <td>None</td>
      <td>0.087200</td>
      <td>0.295296</td>
    </tr>
  </tbody>
</table>","<table border=""1"" class=""dataframe"">
  <thead>
    <tr style=""text-align: right;"">
      <th></th>
      <th>grp</th>
      <th>var1</th>
      <th>var2</th>
      <th>vcov</th>
      <th>sdcor</th>
    </tr>
  </thead>
  <tbody>
    <tr>
      <th>1</th>
      <td>WorkerID</td>
      <td>(Intercept)</td>
      <td>None</td>
      <td>0.060812</td>
      <td>0.246601</td>
    </tr>
    <tr>
      <th>2</th>
      <td>POSTag</td>
      <td>(Intercept)</td>
      <td>None</td>
      <td>0.002077</td>
      <td>0.045573</td>
    </tr>
    <tr>
      <th>3</th>
      <td>Residual</td>
      <td>None</td>
      <td>None</td>
      <td>0.087200</td>
      <td>0.295296</td>
    </tr>
  </tbody>
</table>"
8465077,LogRT ~ CharacterLength_c + LogFrequencies_c + SurprisalScore_c + (1 | WorkerID) + (1 | POSTag),-169767.23168719633,0.0243765520032492,1604.9899829483184,339548.46337439265,339630.02415430243,848767,LogRT ~ CharacterLength_c + LogFrequencies_c + (1 | WorkerID) + (1 | POSTag),"<table border=""1"" class=""dataframe"">
  <thead>
    <tr style=""text-align: right;"">
      <th></th>
      <th>Estimate</th>
      <th>Std. Error</th>
      <th>t value</th>
    </tr>
  </thead>
  <tbody>
    <tr>
      <th>(Intercept)</th>
      <td>5.737137</td>
      <td>0.023105</td>
      <td>248.306973</td>
    </tr>
    <tr>
      <th>CharacterLength_c</th>
      <td>0.008666</td>
      <td>0.000514</td>
      <td>16.855690</td>
    </tr>
    <tr>
      <th>LogFrequencies_c</th>
      <td>-0.013117</td>
      <td>0.000654</td>
      <td>-20.065908</td>
    </tr>
    <tr>
      <th>SurprisalScore_c</th>
      <td>0.024377</td>
      <td>0.000430</td>
      <td>56.710311</td>
    </tr>
  </tbody>
</table>","<table border=""1"" class=""dataframe"">
  <thead>
    <tr style=""text-align: right;"">
      <th></th>
      <th>grp</th>
      <th>var1</th>
      <th>var2</th>
      <th>vcov</th>
      <th>sdcor</th>
    </tr>
  </thead>
  <tbody>
    <tr>
      <th>1</th>
      <td>WorkerID</td>
      <td>(Intercept)</td>
      <td>None</td>
      <td>0.060816</td>
      <td>0.246610</td>
    </tr>
    <tr>
      <th>2</th>
      <td>POSTag</td>
      <td>(Intercept)</td>
      <td>None</td>
      <td>0.002132</td>
      <td>0.046177</td>
    </tr>
    <tr>
      <th>3</th>
      <td>Residual</td>
      <td>None</td>
      <td>None</td>
      <td>0.087197</td>
      <td>0.295292</td>
    </tr>
  </tbody>
</table>","<table border=""1"" class=""dataframe"">
  <thead>
    <tr style=""text-align: right;"">
      <th></th>
      <th>grp</th>
      <th>var1</th>
      <th>var2</th>
      <th>vcov</th>
      <th>sdcor</th>
    </tr>
  </thead>
  <tbody>
    <tr>
      <th>1</th>
      <td>WorkerID</td>
      <td>(Intercept)</td>
      <td>None</td>
      <td>0.060816</td>
      <td>0.246610</td>
    </tr>
    <tr>
      <th>2</th>
      <td>POSTag</td>
      <td>(Intercept)</td>
      <td>None</td>
      <td>0.002132</td>
      <td>0.046177</td>
    </tr>
    <tr>
      <th>3</th>
      <td>Residual</td>
      <td>None</td>
      <td>None</td>
      <td>0.087197</td>
      <td>0.295292</td>
    </tr>
  </tbody>
</table>"
6892222,LogRT ~ CharacterLength_c + LogFrequencies_c + SurprisalScore_c + (1 | WorkerID) + (1 | POSTag),-169766.8873406285,0.0249584454461665,1605.334329516132,339547.774681257,339629.3354611668,848767,LogRT ~ CharacterLength_c + LogFrequencies_c + (1 | WorkerID) + (1 | POSTag),"<table border=""1"" class=""dataframe"">
  <thead>
    <tr style=""text-align: right;"">
      <th></th>
      <th>Estimate</th>
      <th>Std. Error</th>
      <th>t value</th>
    </tr>
  </thead>
  <tbody>
    <tr>
      <th>(Intercept)</th>
      <td>5.737262</td>
      <td>0.023064</td>
      <td>248.753867</td>
    </tr>
    <tr>
      <th>CharacterLength_c</th>
      <td>0.008797</td>
      <td>0.000514</td>
      <td>17.120069</td>
    </tr>
    <tr>
      <th>LogFrequencies_c</th>
      <td>-0.011987</td>
      <td>0.000661</td>
      <td>-18.123400</td>
    </tr>
    <tr>
      <th>SurprisalScore_c</th>
      <td>0.024958</td>
      <td>0.000440</td>
      <td>56.716400</td>
    </tr>
  </tbody>
</table>","<table border=""1"" class=""dataframe"">
  <thead>
    <tr style=""text-align: right;"">
      <th></th>
      <th>grp</th>
      <th>var1</th>
      <th>var2</th>
      <th>vcov</th>
      <th>sdcor</th>
    </tr>
  </thead>
  <tbody>
    <tr>
      <th>1</th>
      <td>WorkerID</td>
      <td>(Intercept)</td>
      <td>None</td>
      <td>0.060835</td>
      <td>0.246648</td>
    </tr>
    <tr>
      <th>2</th>
      <td>POSTag</td>
      <td>(Intercept)</td>
      <td>None</td>
      <td>0.002110</td>
      <td>0.045938</td>
    </tr>
    <tr>
      <th>3</th>
      <td>Residual</td>
      <td>None</td>
      <td>None</td>
      <td>0.087197</td>
      <td>0.295291</td>
    </tr>
  </tbody>
</table>","<table border=""1"" class=""dataframe"">
  <thead>
    <tr style=""text-align: right;"">
      <th></th>
      <th>grp</th>
      <th>var1</th>
      <th>var2</th>
      <th>vcov</th>
      <th>sdcor</th>
    </tr>
  </thead>
  <tbody>
    <tr>
      <th>1</th>
      <td>WorkerID</td>
      <td>(Intercept)</td>
      <td>None</td>
      <td>0.060835</td>
      <td>0.246648</td>
    </tr>
    <tr>
      <th>2</th>
      <td>POSTag</td>
      <td>(Intercept)</td>
      <td>None</td>
      <td>0.002110</td>
      <td>0.045938</td>
    </tr>
    <tr>
      <th>3</th>
      <td>Residual</td>
      <td>None</td>
      <td>None</td>
      <td>0.087197</td>
      <td>0.295291</td>
    </tr>
  </tbody>
</table>"
6681944,LogRT ~ CharacterLength_c + LogFrequencies_c + SurprisalScore_c + (1 | WorkerID) + (1 | POSTag),-169776.54744080052,0.024913848144338,1595.6742293441202,339567.09488160105,339648.6556615108,848767,LogRT ~ CharacterLength_c + LogFrequencies_c + (1 | WorkerID) + (1 | POSTag),"<table border=""1"" class=""dataframe"">
  <thead>
    <tr style=""text-align: right;"">
      <th></th>
      <th>Estimate</th>
      <th>Std. Error</th>
      <th>t value</th>
    </tr>
  </thead>
  <tbody>
    <tr>
      <th>(Intercept)</th>
      <td>5.737050</td>
      <td>0.022975</td>
      <td>249.713770</td>
    </tr>
    <tr>
      <th>CharacterLength_c</th>
      <td>0.008992</td>
      <td>0.000513</td>
      <td>17.512128</td>
    </tr>
    <tr>
      <th>LogFrequencies_c</th>
      <td>-0.011824</td>
      <td>0.000663</td>
      <td>-17.836322</td>
    </tr>
    <tr>
      <th>SurprisalScore_c</th>
      <td>0.024914</td>
      <td>0.000441</td>
      <td>56.545187</td>
    </tr>
  </tbody>
</table>","<table border=""1"" class=""dataframe"">
  <thead>
    <tr style=""text-align: right;"">
      <th></th>
      <th>grp</th>
      <th>var1</th>
      <th>var2</th>
      <th>vcov</th>
      <th>sdcor</th>
    </tr>
  </thead>
  <tbody>
    <tr>
      <th>1</th>
      <td>WorkerID</td>
      <td>(Intercept)</td>
      <td>None</td>
      <td>0.060809</td>
      <td>0.246594</td>
    </tr>
    <tr>
      <th>2</th>
      <td>POSTag</td>
      <td>(Intercept)</td>
      <td>None</td>
      <td>0.002067</td>
      <td>0.045460</td>
    </tr>
    <tr>
      <th>3</th>
      <td>Residual</td>
      <td>None</td>
      <td>None</td>
      <td>0.087199</td>
      <td>0.295295</td>
    </tr>
  </tbody>
</table>","<table border=""1"" class=""dataframe"">
  <thead>
    <tr style=""text-align: right;"">
      <th></th>
      <th>grp</th>
      <th>var1</th>
      <th>var2</th>
      <th>vcov</th>
      <th>sdcor</th>
    </tr>
  </thead>
  <tbody>
    <tr>
      <th>1</th>
      <td>WorkerID</td>
      <td>(Intercept)</td>
      <td>None</td>
      <td>0.060809</td>
      <td>0.246594</td>
    </tr>
    <tr>
      <th>2</th>
      <td>POSTag</td>
      <td>(Intercept)</td>
      <td>None</td>
      <td>0.002067</td>
      <td>0.045460</td>
    </tr>
    <tr>
      <th>3</th>
      <td>Residual</td>
      <td>None</td>
      <td>None</td>
      <td>0.087199</td>
      <td>0.295295</td>
    </tr>
  </tbody>
</table>"
8098216,LogRT ~ CharacterLength_c + LogFrequencies_c + SurprisalScore_c + (1 | WorkerID) + (1 | POSTag),-169804.2217150762,0.0235005016336896,1567.9999550684588,339622.4434301524,339704.0042100621,848767,LogRT ~ CharacterLength_c + LogFrequencies_c + (1 | WorkerID) + (1 | POSTag),"<table border=""1"" class=""dataframe"">
  <thead>
    <tr style=""text-align: right;"">
      <th></th>
      <th>Estimate</th>
      <th>Std. Error</th>
      <th>t value</th>
    </tr>
  </thead>
  <tbody>
    <tr>
      <th>(Intercept)</th>
      <td>5.736731</td>
      <td>0.022904</td>
      <td>250.473909</td>
    </tr>
    <tr>
      <th>CharacterLength_c</th>
      <td>0.008444</td>
      <td>0.000515</td>
      <td>16.406931</td>
    </tr>
    <tr>
      <th>LogFrequencies_c</th>
      <td>-0.014421</td>
      <td>0.000646</td>
      <td>-22.310840</td>
    </tr>
    <tr>
      <th>SurprisalScore_c</th>
      <td>0.023501</td>
      <td>0.000419</td>
      <td>56.051827</td>
    </tr>
  </tbody>
</table>","<table border=""1"" class=""dataframe"">
  <thead>
    <tr style=""text-align: right;"">
      <th></th>
      <th>grp</th>
      <th>var1</th>
      <th>var2</th>
      <th>vcov</th>
      <th>sdcor</th>
    </tr>
  </thead>
  <tbody>
    <tr>
      <th>1</th>
      <td>WorkerID</td>
      <td>(Intercept)</td>
      <td>None</td>
      <td>0.060804</td>
      <td>0.246584</td>
    </tr>
    <tr>
      <th>2</th>
      <td>POSTag</td>
      <td>(Intercept)</td>
      <td>None</td>
      <td>0.002031</td>
      <td>0.045068</td>
    </tr>
    <tr>
      <th>3</th>
      <td>Residual</td>
      <td>None</td>
      <td>None</td>
      <td>0.087205</td>
      <td>0.295305</td>
    </tr>
  </tbody>
</table>","<table border=""1"" class=""dataframe"">
  <thead>
    <tr style=""text-align: right;"">
      <th></th>
      <th>grp</th>
      <th>var1</th>
      <th>var2</th>
      <th>vcov</th>
      <th>sdcor</th>
    </tr>
  </thead>
  <tbody>
    <tr>
      <th>1</th>
      <td>WorkerID</td>
      <td>(Intercept)</td>
      <td>None</td>
      <td>0.060804</td>
      <td>0.246584</td>
    </tr>
    <tr>
      <th>2</th>
      <td>POSTag</td>
      <td>(Intercept)</td>
      <td>None</td>
      <td>0.002031</td>
      <td>0.045068</td>
    </tr>
    <tr>
      <th>3</th>
      <td>Residual</td>
      <td>None</td>
      <td>None</td>
      <td>0.087205</td>
      <td>0.295305</td>
    </tr>
  </tbody>
</table>"
8111938,LogRT ~ CharacterLength_c + LogFrequencies_c + SurprisalScore_c + (1 | WorkerID) + (1 | POSTag),-169872.24025902746,0.0232797169858229,1499.9814111171872,339758.4805180549,339840.0412979647,848767,LogRT ~ CharacterLength_c + LogFrequencies_c + (1 | WorkerID) + (1 | POSTag),"<table border=""1"" class=""dataframe"">
  <thead>
    <tr style=""text-align: right;"">
      <th></th>
      <th>Estimate</th>
      <th>Std. Error</th>
      <th>t value</th>
    </tr>
  </thead>
  <tbody>
    <tr>
      <th>(Intercept)</th>
      <td>5.736660</td>
      <td>0.022819</td>
      <td>251.402597</td>
    </tr>
    <tr>
      <th>CharacterLength_c</th>
      <td>0.008722</td>
      <td>0.000514</td>
      <td>16.958678</td>
    </tr>
    <tr>
      <th>LogFrequencies_c</th>
      <td>-0.014054</td>
      <td>0.000651</td>
      <td>-21.600666</td>
    </tr>
    <tr>
      <th>SurprisalScore_c</th>
      <td>0.023280</td>
      <td>0.000425</td>
      <td>54.820501</td>
    </tr>
  </tbody>
</table>","<table border=""1"" class=""dataframe"">
  <thead>
    <tr style=""text-align: right;"">
      <th></th>
      <th>grp</th>
      <th>var1</th>
      <th>var2</th>
      <th>vcov</th>
      <th>sdcor</th>
    </tr>
  </thead>
  <tbody>
    <tr>
      <th>1</th>
      <td>WorkerID</td>
      <td>(Intercept)</td>
      <td>None</td>
      <td>0.060809</td>
      <td>0.246595</td>
    </tr>
    <tr>
      <th>2</th>
      <td>POSTag</td>
      <td>(Intercept)</td>
      <td>None</td>
      <td>0.001988</td>
      <td>0.044588</td>
    </tr>
    <tr>
      <th>3</th>
      <td>Residual</td>
      <td>None</td>
      <td>None</td>
      <td>0.087219</td>
      <td>0.295328</td>
    </tr>
  </tbody>
</table>","<table border=""1"" class=""dataframe"">
  <thead>
    <tr style=""text-align: right;"">
      <th></th>
      <th>grp</th>
      <th>var1</th>
      <th>var2</th>
      <th>vcov</th>
      <th>sdcor</th>
    </tr>
  </thead>
  <tbody>
    <tr>
      <th>1</th>
      <td>WorkerID</td>
      <td>(Intercept)</td>
      <td>None</td>
      <td>0.060809</td>
      <td>0.246595</td>
    </tr>
    <tr>
      <th>2</th>
      <td>POSTag</td>
      <td>(Intercept)</td>
      <td>None</td>
      <td>0.001988</td>
      <td>0.044588</td>
    </tr>
    <tr>
      <th>3</th>
      <td>Residual</td>
      <td>None</td>
      <td>None</td>
      <td>0.087219</td>
      <td>0.295328</td>
    </tr>
  </tbody>
</table>"
8464992,LogRT ~ CharacterLength_c + LogFrequencies_c + SurprisalScore_c + (1 | WorkerID) + (1 | POSTag),-169738.95040733233,0.0248942258226845,1633.2712628123118,339491.90081466467,339573.46159457444,848767,LogRT ~ CharacterLength_c + LogFrequencies_c + (1 | WorkerID) + (1 | POSTag),"<table border=""1"" class=""dataframe"">
  <thead>
    <tr style=""text-align: right;"">
      <th></th>
      <th>Estimate</th>
      <th>Std. Error</th>
      <th>t value</th>
    </tr>
  </thead>
  <tbody>
    <tr>
      <th>(Intercept)</th>
      <td>5.736815</td>
      <td>0.022834</td>
      <td>251.235031</td>
    </tr>
    <tr>
      <th>CharacterLength_c</th>
      <td>0.008495</td>
      <td>0.000514</td>
      <td>16.515580</td>
    </tr>
    <tr>
      <th>LogFrequencies_c</th>
      <td>-0.012531</td>
      <td>0.000657</td>
      <td>-19.078563</td>
    </tr>
    <tr>
      <th>SurprisalScore_c</th>
      <td>0.024894</td>
      <td>0.000435</td>
      <td>57.208839</td>
    </tr>
  </tbody>
</table>","<table border=""1"" class=""dataframe"">
  <thead>
    <tr style=""text-align: right;"">
      <th></th>
      <th>grp</th>
      <th>var1</th>
      <th>var2</th>
      <th>vcov</th>
      <th>sdcor</th>
    </tr>
  </thead>
  <tbody>
    <tr>
      <th>1</th>
      <td>WorkerID</td>
      <td>(Intercept)</td>
      <td>None</td>
      <td>0.060824</td>
      <td>0.246624</td>
    </tr>
    <tr>
      <th>2</th>
      <td>POSTag</td>
      <td>(Intercept)</td>
      <td>None</td>
      <td>0.001995</td>
      <td>0.044667</td>
    </tr>
    <tr>
      <th>3</th>
      <td>Residual</td>
      <td>None</td>
      <td>None</td>
      <td>0.087191</td>
      <td>0.295282</td>
    </tr>
  </tbody>
</table>","<table border=""1"" class=""dataframe"">
  <thead>
    <tr style=""text-align: right;"">
      <th></th>
      <th>grp</th>
      <th>var1</th>
      <th>var2</th>
      <th>vcov</th>
      <th>sdcor</th>
    </tr>
  </thead>
  <tbody>
    <tr>
      <th>1</th>
      <td>WorkerID</td>
      <td>(Intercept)</td>
      <td>None</td>
      <td>0.060824</td>
      <td>0.246624</td>
    </tr>
    <tr>
      <th>2</th>
      <td>POSTag</td>
      <td>(Intercept)</td>
      <td>None</td>
      <td>0.001995</td>
      <td>0.044667</td>
    </tr>
    <tr>
      <th>3</th>
      <td>Residual</td>
      <td>None</td>
      <td>None</td>
      <td>0.087191</td>
      <td>0.295282</td>
    </tr>
  </tbody>
</table>"
8456915,LogRT ~ CharacterLength_c + LogFrequencies_c + SurprisalScore_c + (1 | WorkerID) + (1 | POSTag),-169858.9668459734,0.024322904466829,1513.2548241712502,339731.9336919468,339813.49447185657,848767,LogRT ~ CharacterLength_c + LogFrequencies_c + (1 | WorkerID) + (1 | POSTag),"<table border=""1"" class=""dataframe"">
  <thead>
    <tr style=""text-align: right;"">
      <th></th>
      <th>Estimate</th>
      <th>Std. Error</th>
      <th>t value</th>
    </tr>
  </thead>
  <tbody>
    <tr>
      <th>(Intercept)</th>
      <td>5.737306</td>
      <td>0.023060</td>
      <td>248.799399</td>
    </tr>
    <tr>
      <th>CharacterLength_c</th>
      <td>0.008899</td>
      <td>0.000514</td>
      <td>17.318313</td>
    </tr>
    <tr>
      <th>LogFrequencies_c</th>
      <td>-0.012296</td>
      <td>0.000662</td>
      <td>-18.561497</td>
    </tr>
    <tr>
      <th>SurprisalScore_c</th>
      <td>0.024323</td>
      <td>0.000442</td>
      <td>55.062809</td>
    </tr>
  </tbody>
</table>","<table border=""1"" class=""dataframe"">
  <thead>
    <tr style=""text-align: right;"">
      <th></th>
      <th>grp</th>
      <th>var1</th>
      <th>var2</th>
      <th>vcov</th>
      <th>sdcor</th>
    </tr>
  </thead>
  <tbody>
    <tr>
      <th>1</th>
      <td>WorkerID</td>
      <td>(Intercept)</td>
      <td>None</td>
      <td>0.060829</td>
      <td>0.246635</td>
    </tr>
    <tr>
      <th>2</th>
      <td>POSTag</td>
      <td>(Intercept)</td>
      <td>None</td>
      <td>0.002109</td>
      <td>0.045920</td>
    </tr>
    <tr>
      <th>3</th>
      <td>Residual</td>
      <td>None</td>
      <td>None</td>
      <td>0.087216</td>
      <td>0.295324</td>
    </tr>
  </tbody>
</table>","<table border=""1"" class=""dataframe"">
  <thead>
    <tr style=""text-align: right;"">
      <th></th>
      <th>grp</th>
      <th>var1</th>
      <th>var2</th>
      <th>vcov</th>
      <th>sdcor</th>
    </tr>
  </thead>
  <tbody>
    <tr>
      <th>1</th>
      <td>WorkerID</td>
      <td>(Intercept)</td>
      <td>None</td>
      <td>0.060829</td>
      <td>0.246635</td>
    </tr>
    <tr>
      <th>2</th>
      <td>POSTag</td>
      <td>(Intercept)</td>
      <td>None</td>
      <td>0.002109</td>
      <td>0.045920</td>
    </tr>
    <tr>
      <th>3</th>
      <td>Residual</td>
      <td>None</td>
      <td>None</td>
      <td>0.087216</td>
      <td>0.295324</td>
    </tr>
  </tbody>
</table>"
8465605,LogRT ~ CharacterLength_c + LogFrequencies_c + SurprisalScore_c + (1 | WorkerID) + (1 | POSTag),-169749.3702330535,0.0245148717337356,1622.851437091158,339512.740466107,339594.30124601675,848767,LogRT ~ CharacterLength_c + LogFrequencies_c + (1 | WorkerID) + (1 | POSTag),"<table border=""1"" class=""dataframe"">
  <thead>
    <tr style=""text-align: right;"">
      <th></th>
      <th>Estimate</th>
      <th>Std. Error</th>
      <th>t value</th>
    </tr>
  </thead>
  <tbody>
    <tr>
      <th>(Intercept)</th>
      <td>5.737173</td>
      <td>0.023148</td>
      <td>247.843039</td>
    </tr>
    <tr>
      <th>CharacterLength_c</th>
      <td>0.008177</td>
      <td>0.000515</td>
      <td>15.874549</td>
    </tr>
    <tr>
      <th>LogFrequencies_c</th>
      <td>-0.013375</td>
      <td>0.000652</td>
      <td>-20.529177</td>
    </tr>
    <tr>
      <th>SurprisalScore_c</th>
      <td>0.024515</td>
      <td>0.000430</td>
      <td>57.025610</td>
    </tr>
  </tbody>
</table>","<table border=""1"" class=""dataframe"">
  <thead>
    <tr style=""text-align: right;"">
      <th></th>
      <th>grp</th>
      <th>var1</th>
      <th>var2</th>
      <th>vcov</th>
      <th>sdcor</th>
    </tr>
  </thead>
  <tbody>
    <tr>
      <th>1</th>
      <td>WorkerID</td>
      <td>(Intercept)</td>
      <td>None</td>
      <td>0.060815</td>
      <td>0.246607</td>
    </tr>
    <tr>
      <th>2</th>
      <td>POSTag</td>
      <td>(Intercept)</td>
      <td>None</td>
      <td>0.002154</td>
      <td>0.046416</td>
    </tr>
    <tr>
      <th>3</th>
      <td>Residual</td>
      <td>None</td>
      <td>None</td>
      <td>0.087193</td>
      <td>0.295285</td>
    </tr>
  </tbody>
</table>","<table border=""1"" class=""dataframe"">
  <thead>
    <tr style=""text-align: right;"">
      <th></th>
      <th>grp</th>
      <th>var1</th>
      <th>var2</th>
      <th>vcov</th>
      <th>sdcor</th>
    </tr>
  </thead>
  <tbody>
    <tr>
      <th>1</th>
      <td>WorkerID</td>
      <td>(Intercept)</td>
      <td>None</td>
      <td>0.060815</td>
      <td>0.246607</td>
    </tr>
    <tr>
      <th>2</th>
      <td>POSTag</td>
      <td>(Intercept)</td>
      <td>None</td>
      <td>0.002154</td>
      <td>0.046416</td>
    </tr>
    <tr>
      <th>3</th>
      <td>Residual</td>
      <td>None</td>
      <td>None</td>
      <td>0.087193</td>
      <td>0.295285</td>
    </tr>
  </tbody>
</table>"
8465084,LogRT ~ CharacterLength_c + LogFrequencies_c + SurprisalScore_c + (1 | WorkerID) + (1 | POSTag),-169792.2276083631,0.0242308291568128,1579.9940617815591,339598.4552167262,339680.01599663595,848767,LogRT ~ CharacterLength_c + LogFrequencies_c + (1 | WorkerID) + (1 | POSTag),"<table border=""1"" class=""dataframe"">
  <thead>
    <tr style=""text-align: right;"">
      <th></th>
      <th>Estimate</th>
      <th>Std. Error</th>
      <th>t value</th>
    </tr>
  </thead>
  <tbody>
    <tr>
      <th>(Intercept)</th>
      <td>5.737023</td>
      <td>0.023108</td>
      <td>248.270436</td>
    </tr>
    <tr>
      <th>CharacterLength_c</th>
      <td>0.008666</td>
      <td>0.000514</td>
      <td>16.854074</td>
    </tr>
    <tr>
      <th>LogFrequencies_c</th>
      <td>-0.013160</td>
      <td>0.000654</td>
      <td>-20.116575</td>
    </tr>
    <tr>
      <th>SurprisalScore_c</th>
      <td>0.024231</td>
      <td>0.000431</td>
      <td>56.266150</td>
    </tr>
  </tbody>
</table>","<table border=""1"" class=""dataframe"">
  <thead>
    <tr style=""text-align: right;"">
      <th></th>
      <th>grp</th>
      <th>var1</th>
      <th>var2</th>
      <th>vcov</th>
      <th>sdcor</th>
    </tr>
  </thead>
  <tbody>
    <tr>
      <th>1</th>
      <td>WorkerID</td>
      <td>(Intercept)</td>
      <td>None</td>
      <td>0.060826</td>
      <td>0.246629</td>
    </tr>
    <tr>
      <th>2</th>
      <td>POSTag</td>
      <td>(Intercept)</td>
      <td>None</td>
      <td>0.002133</td>
      <td>0.046187</td>
    </tr>
    <tr>
      <th>3</th>
      <td>Residual</td>
      <td>None</td>
      <td>None</td>
      <td>0.087202</td>
      <td>0.295300</td>
    </tr>
  </tbody>
</table>","<table border=""1"" class=""dataframe"">
  <thead>
    <tr style=""text-align: right;"">
      <th></th>
      <th>grp</th>
      <th>var1</th>
      <th>var2</th>
      <th>vcov</th>
      <th>sdcor</th>
    </tr>
  </thead>
  <tbody>
    <tr>
      <th>1</th>
      <td>WorkerID</td>
      <td>(Intercept)</td>
      <td>None</td>
      <td>0.060826</td>
      <td>0.246629</td>
    </tr>
    <tr>
      <th>2</th>
      <td>POSTag</td>
      <td>(Intercept)</td>
      <td>None</td>
      <td>0.002133</td>
      <td>0.046187</td>
    </tr>
    <tr>
      <th>3</th>
      <td>Residual</td>
      <td>None</td>
      <td>None</td>
      <td>0.087202</td>
      <td>0.295300</td>
    </tr>
  </tbody>
</table>"
6892213,LogRT ~ CharacterLength_c + LogFrequencies_c + SurprisalScore_c + (1 | WorkerID) + (1 | POSTag),-169817.52952752626,0.0244687259855321,1554.6921426183835,339649.0590550525,339730.6198349623,848767,LogRT ~ CharacterLength_c + LogFrequencies_c + (1 | WorkerID) + (1 | POSTag),"<table border=""1"" class=""dataframe"">
  <thead>
    <tr style=""text-align: right;"">
      <th></th>
      <th>Estimate</th>
      <th>Std. Error</th>
      <th>t value</th>
    </tr>
  </thead>
  <tbody>
    <tr>
      <th>(Intercept)</th>
      <td>5.737104</td>
      <td>0.023039</td>
      <td>249.016191</td>
    </tr>
    <tr>
      <th>CharacterLength_c</th>
      <td>0.008398</td>
      <td>0.000515</td>
      <td>16.311395</td>
    </tr>
    <tr>
      <th>LogFrequencies_c</th>
      <td>-0.012751</td>
      <td>0.000658</td>
      <td>-19.385888</td>
    </tr>
    <tr>
      <th>SurprisalScore_c</th>
      <td>0.024469</td>
      <td>0.000438</td>
      <td>55.812972</td>
    </tr>
  </tbody>
</table>","<table border=""1"" class=""dataframe"">
  <thead>
    <tr style=""text-align: right;"">
      <th></th>
      <th>grp</th>
      <th>var1</th>
      <th>var2</th>
      <th>vcov</th>
      <th>sdcor</th>
    </tr>
  </thead>
  <tbody>
    <tr>
      <th>1</th>
      <td>WorkerID</td>
      <td>(Intercept)</td>
      <td>None</td>
      <td>0.060834</td>
      <td>0.246645</td>
    </tr>
    <tr>
      <th>2</th>
      <td>POSTag</td>
      <td>(Intercept)</td>
      <td>None</td>
      <td>0.002098</td>
      <td>0.045802</td>
    </tr>
    <tr>
      <th>3</th>
      <td>Residual</td>
      <td>None</td>
      <td>None</td>
      <td>0.087207</td>
      <td>0.295309</td>
    </tr>
  </tbody>
</table>","<table border=""1"" class=""dataframe"">
  <thead>
    <tr style=""text-align: right;"">
      <th></th>
      <th>grp</th>
      <th>var1</th>
      <th>var2</th>
      <th>vcov</th>
      <th>sdcor</th>
    </tr>
  </thead>
  <tbody>
    <tr>
      <th>1</th>
      <td>WorkerID</td>
      <td>(Intercept)</td>
      <td>None</td>
      <td>0.060834</td>
      <td>0.246645</td>
    </tr>
    <tr>
      <th>2</th>
      <td>POSTag</td>
      <td>(Intercept)</td>
      <td>None</td>
      <td>0.002098</td>
      <td>0.045802</td>
    </tr>
    <tr>
      <th>3</th>
      <td>Residual</td>
      <td>None</td>
      <td>None</td>
      <td>0.087207</td>
      <td>0.295309</td>
    </tr>
  </tbody>
</table>"
6839424,LogRT ~ CharacterLength_c + LogFrequencies_c + SurprisalScore_c + (1 | WorkerID) + (1 | POSTag),-169958.8939357893,0.0235859408792768,1413.327734355349,339931.7878715786,340013.3486514884,848767,LogRT ~ CharacterLength_c + LogFrequencies_c + (1 | WorkerID) + (1 | POSTag),"<table border=""1"" class=""dataframe"">
  <thead>
    <tr style=""text-align: right;"">
      <th></th>
      <th>Estimate</th>
      <th>Std. Error</th>
      <th>t value</th>
    </tr>
  </thead>
  <tbody>
    <tr>
      <th>(Intercept)</th>
      <td>5.737231</td>
      <td>0.022974</td>
      <td>249.722926</td>
    </tr>
    <tr>
      <th>CharacterLength_c</th>
      <td>0.009282</td>
      <td>0.000513</td>
      <td>18.080527</td>
    </tr>
    <tr>
      <th>LogFrequencies_c</th>
      <td>-0.012437</td>
      <td>0.000665</td>
      <td>-18.696005</td>
    </tr>
    <tr>
      <th>SurprisalScore_c</th>
      <td>0.023586</td>
      <td>0.000443</td>
      <td>53.210621</td>
    </tr>
  </tbody>
</table>","<table border=""1"" class=""dataframe"">
  <thead>
    <tr style=""text-align: right;"">
      <th></th>
      <th>grp</th>
      <th>var1</th>
      <th>var2</th>
      <th>vcov</th>
      <th>sdcor</th>
    </tr>
  </thead>
  <tbody>
    <tr>
      <th>1</th>
      <td>WorkerID</td>
      <td>(Intercept)</td>
      <td>None</td>
      <td>0.060836</td>
      <td>0.246650</td>
    </tr>
    <tr>
      <th>2</th>
      <td>POSTag</td>
      <td>(Intercept)</td>
      <td>None</td>
      <td>0.002065</td>
      <td>0.045441</td>
    </tr>
    <tr>
      <th>3</th>
      <td>Residual</td>
      <td>None</td>
      <td>None</td>
      <td>0.087237</td>
      <td>0.295358</td>
    </tr>
  </tbody>
</table>","<table border=""1"" class=""dataframe"">
  <thead>
    <tr style=""text-align: right;"">
      <th></th>
      <th>grp</th>
      <th>var1</th>
      <th>var2</th>
      <th>vcov</th>
      <th>sdcor</th>
    </tr>
  </thead>
  <tbody>
    <tr>
      <th>1</th>
      <td>WorkerID</td>
      <td>(Intercept)</td>
      <td>None</td>
      <td>0.060836</td>
      <td>0.246650</td>
    </tr>
    <tr>
      <th>2</th>
      <td>POSTag</td>
      <td>(Intercept)</td>
      <td>None</td>
      <td>0.002065</td>
      <td>0.045441</td>
    </tr>
    <tr>
      <th>3</th>
      <td>Residual</td>
      <td>None</td>
      <td>None</td>
      <td>0.087237</td>
      <td>0.295358</td>
    </tr>
  </tbody>
</table>"
8111924,LogRT ~ CharacterLength_c + LogFrequencies_c + SurprisalScore_c + (1 | WorkerID) + (1 | POSTag),-169815.33528680462,0.023493077090988,1556.8863833400246,339644.67057360924,339726.231353519,848767,LogRT ~ CharacterLength_c + LogFrequencies_c + (1 | WorkerID) + (1 | POSTag),"<table border=""1"" class=""dataframe"">
  <thead>
    <tr style=""text-align: right;"">
      <th></th>
      <th>Estimate</th>
      <th>Std. Error</th>
      <th>t value</th>
    </tr>
  </thead>
  <tbody>
    <tr>
      <th>(Intercept)</th>
      <td>5.737071</td>
      <td>0.023089</td>
      <td>248.473034</td>
    </tr>
    <tr>
      <th>CharacterLength_c</th>
      <td>0.008492</td>
      <td>0.000515</td>
      <td>16.501169</td>
    </tr>
    <tr>
      <th>LogFrequencies_c</th>
      <td>-0.014288</td>
      <td>0.000648</td>
      <td>-22.066678</td>
    </tr>
    <tr>
      <th>SurprisalScore_c</th>
      <td>0.023493</td>
      <td>0.000421</td>
      <td>55.852418</td>
    </tr>
  </tbody>
</table>","<table border=""1"" class=""dataframe"">
  <thead>
    <tr style=""text-align: right;"">
      <th></th>
      <th>grp</th>
      <th>var1</th>
      <th>var2</th>
      <th>vcov</th>
      <th>sdcor</th>
    </tr>
  </thead>
  <tbody>
    <tr>
      <th>1</th>
      <td>WorkerID</td>
      <td>(Intercept)</td>
      <td>None</td>
      <td>0.060810</td>
      <td>0.246596</td>
    </tr>
    <tr>
      <th>2</th>
      <td>POSTag</td>
      <td>(Intercept)</td>
      <td>None</td>
      <td>0.002125</td>
      <td>0.046095</td>
    </tr>
    <tr>
      <th>3</th>
      <td>Residual</td>
      <td>None</td>
      <td>None</td>
      <td>0.087207</td>
      <td>0.295308</td>
    </tr>
  </tbody>
</table>","<table border=""1"" class=""dataframe"">
  <thead>
    <tr style=""text-align: right;"">
      <th></th>
      <th>grp</th>
      <th>var1</th>
      <th>var2</th>
      <th>vcov</th>
      <th>sdcor</th>
    </tr>
  </thead>
  <tbody>
    <tr>
      <th>1</th>
      <td>WorkerID</td>
      <td>(Intercept)</td>
      <td>None</td>
      <td>0.060810</td>
      <td>0.246596</td>
    </tr>
    <tr>
      <th>2</th>
      <td>POSTag</td>
      <td>(Intercept)</td>
      <td>None</td>
      <td>0.002125</td>
      <td>0.046095</td>
    </tr>
    <tr>
      <th>3</th>
      <td>Residual</td>
      <td>None</td>
      <td>None</td>
      <td>0.087207</td>
      <td>0.295308</td>
    </tr>
  </tbody>
</table>"
8111940,LogRT ~ CharacterLength_c + LogFrequencies_c + SurprisalScore_c + (1 | WorkerID) + (1 | POSTag),-169873.6371396255,0.0232395456963882,1498.584530519147,339761.274279251,339842.8350591608,848767,LogRT ~ CharacterLength_c + LogFrequencies_c + (1 | WorkerID) + (1 | POSTag),"<table border=""1"" class=""dataframe"">
  <thead>
    <tr style=""text-align: right;"">
      <th></th>
      <th>Estimate</th>
      <th>Std. Error</th>
      <th>t value</th>
    </tr>
  </thead>
  <tbody>
    <tr>
      <th>(Intercept)</th>
      <td>5.736734</td>
      <td>0.022887</td>
      <td>250.658691</td>
    </tr>
    <tr>
      <th>CharacterLength_c</th>
      <td>0.008715</td>
      <td>0.000514</td>
      <td>16.945393</td>
    </tr>
    <tr>
      <th>LogFrequencies_c</th>
      <td>-0.014095</td>
      <td>0.000650</td>
      <td>-21.671553</td>
    </tr>
    <tr>
      <th>SurprisalScore_c</th>
      <td>0.023240</td>
      <td>0.000424</td>
      <td>54.794853</td>
    </tr>
  </tbody>
</table>","<table border=""1"" class=""dataframe"">
  <thead>
    <tr style=""text-align: right;"">
      <th></th>
      <th>grp</th>
      <th>var1</th>
      <th>var2</th>
      <th>vcov</th>
      <th>sdcor</th>
    </tr>
  </thead>
  <tbody>
    <tr>
      <th>1</th>
      <td>WorkerID</td>
      <td>(Intercept)</td>
      <td>None</td>
      <td>0.060822</td>
      <td>0.246620</td>
    </tr>
    <tr>
      <th>2</th>
      <td>POSTag</td>
      <td>(Intercept)</td>
      <td>None</td>
      <td>0.002022</td>
      <td>0.044961</td>
    </tr>
    <tr>
      <th>3</th>
      <td>Residual</td>
      <td>None</td>
      <td>None</td>
      <td>0.087219</td>
      <td>0.295329</td>
    </tr>
  </tbody>
</table>","<table border=""1"" class=""dataframe"">
  <thead>
    <tr style=""text-align: right;"">
      <th></th>
      <th>grp</th>
      <th>var1</th>
      <th>var2</th>
      <th>vcov</th>
      <th>sdcor</th>
    </tr>
  </thead>
  <tbody>
    <tr>
      <th>1</th>
      <td>WorkerID</td>
      <td>(Intercept)</td>
      <td>None</td>
      <td>0.060822</td>
      <td>0.246620</td>
    </tr>
    <tr>
      <th>2</th>
      <td>POSTag</td>
      <td>(Intercept)</td>
      <td>None</td>
      <td>0.002022</td>
      <td>0.044961</td>
    </tr>
    <tr>
      <th>3</th>
      <td>Residual</td>
      <td>None</td>
      <td>None</td>
      <td>0.087219</td>
      <td>0.295329</td>
    </tr>
  </tbody>
</table>"
8465609,LogRT ~ CharacterLength_c + LogFrequencies_c + SurprisalScore_c + (1 | WorkerID) + (1 | POSTag),-169759.8141990746,0.0242831787942254,1612.407471070037,339533.6283981492,339615.189178059,848767,LogRT ~ CharacterLength_c + LogFrequencies_c + (1 | WorkerID) + (1 | POSTag),"<table border=""1"" class=""dataframe"">
  <thead>
    <tr style=""text-align: right;"">
      <th></th>
      <th>Estimate</th>
      <th>Std. Error</th>
      <th>t value</th>
    </tr>
  </thead>
  <tbody>
    <tr>
      <th>(Intercept)</th>
      <td>5.736589</td>
      <td>0.022813</td>
      <td>251.457688</td>
    </tr>
    <tr>
      <th>CharacterLength_c</th>
      <td>0.007939</td>
      <td>0.000516</td>
      <td>15.394602</td>
    </tr>
    <tr>
      <th>LogFrequencies_c</th>
      <td>-0.013966</td>
      <td>0.000648</td>
      <td>-21.549936</td>
    </tr>
    <tr>
      <th>SurprisalScore_c</th>
      <td>0.024283</td>
      <td>0.000427</td>
      <td>56.841588</td>
    </tr>
  </tbody>
</table>","<table border=""1"" class=""dataframe"">
  <thead>
    <tr style=""text-align: right;"">
      <th></th>
      <th>grp</th>
      <th>var1</th>
      <th>var2</th>
      <th>vcov</th>
      <th>sdcor</th>
    </tr>
  </thead>
  <tbody>
    <tr>
      <th>1</th>
      <td>WorkerID</td>
      <td>(Intercept)</td>
      <td>None</td>
      <td>0.060805</td>
      <td>0.246586</td>
    </tr>
    <tr>
      <th>2</th>
      <td>POSTag</td>
      <td>(Intercept)</td>
      <td>None</td>
      <td>0.001986</td>
      <td>0.044561</td>
    </tr>
    <tr>
      <th>3</th>
      <td>Residual</td>
      <td>None</td>
      <td>None</td>
      <td>0.087196</td>
      <td>0.295289</td>
    </tr>
  </tbody>
</table>","<table border=""1"" class=""dataframe"">
  <thead>
    <tr style=""text-align: right;"">
      <th></th>
      <th>grp</th>
      <th>var1</th>
      <th>var2</th>
      <th>vcov</th>
      <th>sdcor</th>
    </tr>
  </thead>
  <tbody>
    <tr>
      <th>1</th>
      <td>WorkerID</td>
      <td>(Intercept)</td>
      <td>None</td>
      <td>0.060805</td>
      <td>0.246586</td>
    </tr>
    <tr>
      <th>2</th>
      <td>POSTag</td>
      <td>(Intercept)</td>
      <td>None</td>
      <td>0.001986</td>
      <td>0.044561</td>
    </tr>
    <tr>
      <th>3</th>
      <td>Residual</td>
      <td>None</td>
      <td>None</td>
      <td>0.087196</td>
      <td>0.295289</td>
    </tr>
  </tbody>
</table>"
8465089,LogRT ~ CharacterLength_c + LogFrequencies_c + SurprisalScore_c + (1 | WorkerID) + (1 | POSTag),-169824.3670983568,0.0240603559849436,1547.8545717878442,339662.7341967136,339744.2949766234,848767,LogRT ~ CharacterLength_c + LogFrequencies_c + (1 | WorkerID) + (1 | POSTag),"<table border=""1"" class=""dataframe"">
  <thead>
    <tr style=""text-align: right;"">
      <th></th>
      <th>Estimate</th>
      <th>Std. Error</th>
      <th>t value</th>
    </tr>
  </thead>
  <tbody>
    <tr>
      <th>(Intercept)</th>
      <td>5.737181</td>
      <td>0.023156</td>
      <td>247.767418</td>
    </tr>
    <tr>
      <th>CharacterLength_c</th>
      <td>0.008675</td>
      <td>0.000514</td>
      <td>16.868955</td>
    </tr>
    <tr>
      <th>LogFrequencies_c</th>
      <td>-0.013279</td>
      <td>0.000654</td>
      <td>-20.292636</td>
    </tr>
    <tr>
      <th>SurprisalScore_c</th>
      <td>0.024060</td>
      <td>0.000432</td>
      <td>55.689904</td>
    </tr>
  </tbody>
</table>","<table border=""1"" class=""dataframe"">
  <thead>
    <tr style=""text-align: right;"">
      <th></th>
      <th>grp</th>
      <th>var1</th>
      <th>var2</th>
      <th>vcov</th>
      <th>sdcor</th>
    </tr>
  </thead>
  <tbody>
    <tr>
      <th>1</th>
      <td>WorkerID</td>
      <td>(Intercept)</td>
      <td>None</td>
      <td>0.060836</td>
      <td>0.246650</td>
    </tr>
    <tr>
      <th>2</th>
      <td>POSTag</td>
      <td>(Intercept)</td>
      <td>None</td>
      <td>0.002157</td>
      <td>0.046441</td>
    </tr>
    <tr>
      <th>3</th>
      <td>Residual</td>
      <td>None</td>
      <td>None</td>
      <td>0.087209</td>
      <td>0.295311</td>
    </tr>
  </tbody>
</table>","<table border=""1"" class=""dataframe"">
  <thead>
    <tr style=""text-align: right;"">
      <th></th>
      <th>grp</th>
      <th>var1</th>
      <th>var2</th>
      <th>vcov</th>
      <th>sdcor</th>
    </tr>
  </thead>
  <tbody>
    <tr>
      <th>1</th>
      <td>WorkerID</td>
      <td>(Intercept)</td>
      <td>None</td>
      <td>0.060836</td>
      <td>0.246650</td>
    </tr>
    <tr>
      <th>2</th>
      <td>POSTag</td>
      <td>(Intercept)</td>
      <td>None</td>
      <td>0.002157</td>
      <td>0.046441</td>
    </tr>
    <tr>
      <th>3</th>
      <td>Residual</td>
      <td>None</td>
      <td>None</td>
      <td>0.087209</td>
      <td>0.295311</td>
    </tr>
  </tbody>
</table>"
6892218,LogRT ~ CharacterLength_c + LogFrequencies_c + SurprisalScore_c + (1 | WorkerID) + (1 | POSTag),-169817.30058759134,0.0244496330973776,1554.9210825533082,339648.6011751827,339730.16195509245,848767,LogRT ~ CharacterLength_c + LogFrequencies_c + (1 | WorkerID) + (1 | POSTag),"<table border=""1"" class=""dataframe"">
  <thead>
    <tr style=""text-align: right;"">
      <th></th>
      <th>Estimate</th>
      <th>Std. Error</th>
      <th>t value</th>
    </tr>
  </thead>
  <tbody>
    <tr>
      <th>(Intercept)</th>
      <td>5.737233</td>
      <td>0.023098</td>
      <td>248.389421</td>
    </tr>
    <tr>
      <th>CharacterLength_c</th>
      <td>0.008492</td>
      <td>0.000515</td>
      <td>16.501755</td>
    </tr>
    <tr>
      <th>LogFrequencies_c</th>
      <td>-0.012733</td>
      <td>0.000658</td>
      <td>-19.354268</td>
    </tr>
    <tr>
      <th>SurprisalScore_c</th>
      <td>0.024450</td>
      <td>0.000438</td>
      <td>55.817093</td>
    </tr>
  </tbody>
</table>","<table border=""1"" class=""dataframe"">
  <thead>
    <tr style=""text-align: right;"">
      <th></th>
      <th>grp</th>
      <th>var1</th>
      <th>var2</th>
      <th>vcov</th>
      <th>sdcor</th>
    </tr>
  </thead>
  <tbody>
    <tr>
      <th>1</th>
      <td>WorkerID</td>
      <td>(Intercept)</td>
      <td>None</td>
      <td>0.060834</td>
      <td>0.246646</td>
    </tr>
    <tr>
      <th>2</th>
      <td>POSTag</td>
      <td>(Intercept)</td>
      <td>None</td>
      <td>0.002128</td>
      <td>0.046125</td>
    </tr>
    <tr>
      <th>3</th>
      <td>Residual</td>
      <td>None</td>
      <td>None</td>
      <td>0.087207</td>
      <td>0.295309</td>
    </tr>
  </tbody>
</table>","<table border=""1"" class=""dataframe"">
  <thead>
    <tr style=""text-align: right;"">
      <th></th>
      <th>grp</th>
      <th>var1</th>
      <th>var2</th>
      <th>vcov</th>
      <th>sdcor</th>
    </tr>
  </thead>
  <tbody>
    <tr>
      <th>1</th>
      <td>WorkerID</td>
      <td>(Intercept)</td>
      <td>None</td>
      <td>0.060834</td>
      <td>0.246646</td>
    </tr>
    <tr>
      <th>2</th>
      <td>POSTag</td>
      <td>(Intercept)</td>
      <td>None</td>
      <td>0.002128</td>
      <td>0.046125</td>
    </tr>
    <tr>
      <th>3</th>
      <td>Residual</td>
      <td>None</td>
      <td>None</td>
      <td>0.087207</td>
      <td>0.295309</td>
    </tr>
  </tbody>
</table>"
6839428,LogRT ~ CharacterLength_c + LogFrequencies_c + SurprisalScore_c + (1 | WorkerID) + (1 | POSTag),-169857.38093022298,0.024326224604923,1514.840739921667,339728.761860446,339810.32264035573,848767,LogRT ~ CharacterLength_c + LogFrequencies_c + (1 | WorkerID) + (1 | POSTag),"<table border=""1"" class=""dataframe"">
  <thead>
    <tr style=""text-align: right;"">
      <th></th>
      <th>Estimate</th>
      <th>Std. Error</th>
      <th>t value</th>
    </tr>
  </thead>
  <tbody>
    <tr>
      <th>(Intercept)</th>
      <td>5.737064</td>
      <td>0.022988</td>
      <td>249.567793</td>
    </tr>
    <tr>
      <th>CharacterLength_c</th>
      <td>0.008892</td>
      <td>0.000514</td>
      <td>17.303729</td>
    </tr>
    <tr>
      <th>LogFrequencies_c</th>
      <td>-0.012427</td>
      <td>0.000661</td>
      <td>-18.787856</td>
    </tr>
    <tr>
      <th>SurprisalScore_c</th>
      <td>0.024326</td>
      <td>0.000442</td>
      <td>55.091716</td>
    </tr>
  </tbody>
</table>","<table border=""1"" class=""dataframe"">
  <thead>
    <tr style=""text-align: right;"">
      <th></th>
      <th>grp</th>
      <th>var1</th>
      <th>var2</th>
      <th>vcov</th>
      <th>sdcor</th>
    </tr>
  </thead>
  <tbody>
    <tr>
      <th>1</th>
      <td>WorkerID</td>
      <td>(Intercept)</td>
      <td>None</td>
      <td>0.060823</td>
      <td>0.246623</td>
    </tr>
    <tr>
      <th>2</th>
      <td>POSTag</td>
      <td>(Intercept)</td>
      <td>None</td>
      <td>0.002073</td>
      <td>0.045526</td>
    </tr>
    <tr>
      <th>3</th>
      <td>Residual</td>
      <td>None</td>
      <td>None</td>
      <td>0.087216</td>
      <td>0.295323</td>
    </tr>
  </tbody>
</table>","<table border=""1"" class=""dataframe"">
  <thead>
    <tr style=""text-align: right;"">
      <th></th>
      <th>grp</th>
      <th>var1</th>
      <th>var2</th>
      <th>vcov</th>
      <th>sdcor</th>
    </tr>
  </thead>
  <tbody>
    <tr>
      <th>1</th>
      <td>WorkerID</td>
      <td>(Intercept)</td>
      <td>None</td>
      <td>0.060823</td>
      <td>0.246623</td>
    </tr>
    <tr>
      <th>2</th>
      <td>POSTag</td>
      <td>(Intercept)</td>
      <td>None</td>
      <td>0.002073</td>
      <td>0.045526</td>
    </tr>
    <tr>
      <th>3</th>
      <td>Residual</td>
      <td>None</td>
      <td>None</td>
      <td>0.087216</td>
      <td>0.295323</td>
    </tr>
  </tbody>
</table>"
8117281,LogRT ~ CharacterLength_c + LogFrequencies_c + SurprisalScore_c + (1 | WorkerID) + (1 | POSTag),-169892.67188833677,0.022876794897885,1479.549781807873,339799.34377667354,339880.9045565833,848767,LogRT ~ CharacterLength_c + LogFrequencies_c + (1 | WorkerID) + (1 | POSTag),"<table border=""1"" class=""dataframe"">
  <thead>
    <tr style=""text-align: right;"">
      <th></th>
      <th>Estimate</th>
      <th>Std. Error</th>
      <th>t value</th>
    </tr>
  </thead>
  <tbody>
    <tr>
      <th>(Intercept)</th>
      <td>5.736377</td>
      <td>0.022707</td>
      <td>252.623410</td>
    </tr>
    <tr>
      <th>CharacterLength_c</th>
      <td>0.008408</td>
      <td>0.000515</td>
      <td>16.324127</td>
    </tr>
    <tr>
      <th>LogFrequencies_c</th>
      <td>-0.014828</td>
      <td>0.000646</td>
      <td>-22.947281</td>
    </tr>
    <tr>
      <th>SurprisalScore_c</th>
      <td>0.022877</td>
      <td>0.000420</td>
      <td>54.445389</td>
    </tr>
  </tbody>
</table>","<table border=""1"" class=""dataframe"">
  <thead>
    <tr style=""text-align: right;"">
      <th></th>
      <th>grp</th>
      <th>var1</th>
      <th>var2</th>
      <th>vcov</th>
      <th>sdcor</th>
    </tr>
  </thead>
  <tbody>
    <tr>
      <th>1</th>
      <td>WorkerID</td>
      <td>(Intercept)</td>
      <td>None</td>
      <td>0.060809</td>
      <td>0.246595</td>
    </tr>
    <tr>
      <th>2</th>
      <td>POSTag</td>
      <td>(Intercept)</td>
      <td>None</td>
      <td>0.001932</td>
      <td>0.043958</td>
    </tr>
    <tr>
      <th>3</th>
      <td>Residual</td>
      <td>None</td>
      <td>None</td>
      <td>0.087223</td>
      <td>0.295335</td>
    </tr>
  </tbody>
</table>","<table border=""1"" class=""dataframe"">
  <thead>
    <tr style=""text-align: right;"">
      <th></th>
      <th>grp</th>
      <th>var1</th>
      <th>var2</th>
      <th>vcov</th>
      <th>sdcor</th>
    </tr>
  </thead>
  <tbody>
    <tr>
      <th>1</th>
      <td>WorkerID</td>
      <td>(Intercept)</td>
      <td>None</td>
      <td>0.060809</td>
      <td>0.246595</td>
    </tr>
    <tr>
      <th>2</th>
      <td>POSTag</td>
      <td>(Intercept)</td>
      <td>None</td>
      <td>0.001932</td>
      <td>0.043958</td>
    </tr>
    <tr>
      <th>3</th>
      <td>Residual</td>
      <td>None</td>
      <td>None</td>
      <td>0.087223</td>
      <td>0.295335</td>
    </tr>
  </tbody>
</table>"
8117322,LogRT ~ CharacterLength_c + LogFrequencies_c + SurprisalScore_c + (1 | WorkerID) + (1 | POSTag),-169845.78293385793,0.0233166274833918,1526.4387362867128,339705.56586771586,339787.12664762564,848767,LogRT ~ CharacterLength_c + LogFrequencies_c + (1 | WorkerID) + (1 | POSTag),"<table border=""1"" class=""dataframe"">
  <thead>
    <tr style=""text-align: right;"">
      <th></th>
      <th>Estimate</th>
      <th>Std. Error</th>
      <th>t value</th>
    </tr>
  </thead>
  <tbody>
    <tr>
      <th>(Intercept)</th>
      <td>5.737118</td>
      <td>0.023048</td>
      <td>248.918035</td>
    </tr>
    <tr>
      <th>CharacterLength_c</th>
      <td>0.008747</td>
      <td>0.000514</td>
      <td>17.012028</td>
    </tr>
    <tr>
      <th>LogFrequencies_c</th>
      <td>-0.014184</td>
      <td>0.000649</td>
      <td>-21.856049</td>
    </tr>
    <tr>
      <th>SurprisalScore_c</th>
      <td>0.023317</td>
      <td>0.000422</td>
      <td>55.302578</td>
    </tr>
  </tbody>
</table>","<table border=""1"" class=""dataframe"">
  <thead>
    <tr style=""text-align: right;"">
      <th></th>
      <th>grp</th>
      <th>var1</th>
      <th>var2</th>
      <th>vcov</th>
      <th>sdcor</th>
    </tr>
  </thead>
  <tbody>
    <tr>
      <th>1</th>
      <td>WorkerID</td>
      <td>(Intercept)</td>
      <td>None</td>
      <td>0.060806</td>
      <td>0.246589</td>
    </tr>
    <tr>
      <th>2</th>
      <td>POSTag</td>
      <td>(Intercept)</td>
      <td>None</td>
      <td>0.002104</td>
      <td>0.045870</td>
    </tr>
    <tr>
      <th>3</th>
      <td>Residual</td>
      <td>None</td>
      <td>None</td>
      <td>0.087213</td>
      <td>0.295319</td>
    </tr>
  </tbody>
</table>","<table border=""1"" class=""dataframe"">
  <thead>
    <tr style=""text-align: right;"">
      <th></th>
      <th>grp</th>
      <th>var1</th>
      <th>var2</th>
      <th>vcov</th>
      <th>sdcor</th>
    </tr>
  </thead>
  <tbody>
    <tr>
      <th>1</th>
      <td>WorkerID</td>
      <td>(Intercept)</td>
      <td>None</td>
      <td>0.060806</td>
      <td>0.246589</td>
    </tr>
    <tr>
      <th>2</th>
      <td>POSTag</td>
      <td>(Intercept)</td>
      <td>None</td>
      <td>0.002104</td>
      <td>0.045870</td>
    </tr>
    <tr>
      <th>3</th>
      <td>Residual</td>
      <td>None</td>
      <td>None</td>
      <td>0.087213</td>
      <td>0.295319</td>
    </tr>
  </tbody>
</table>"
8465612,LogRT ~ CharacterLength_c + LogFrequencies_c + SurprisalScore_c + (1 | WorkerID) + (1 | POSTag),-169757.1534912404,0.0243190887396742,1615.0681789042428,339528.3069824808,339609.8677623906,848767,LogRT ~ CharacterLength_c + LogFrequencies_c + (1 | WorkerID) + (1 | POSTag),"<table border=""1"" class=""dataframe"">
  <thead>
    <tr style=""text-align: right;"">
      <th></th>
      <th>Estimate</th>
      <th>Std. Error</th>
      <th>t value</th>
    </tr>
  </thead>
  <tbody>
    <tr>
      <th>(Intercept)</th>
      <td>5.736736</td>
      <td>0.022888</td>
      <td>250.639061</td>
    </tr>
    <tr>
      <th>CharacterLength_c</th>
      <td>0.008213</td>
      <td>0.000515</td>
      <td>15.946386</td>
    </tr>
    <tr>
      <th>LogFrequencies_c</th>
      <td>-0.013688</td>
      <td>0.000650</td>
      <td>-21.067199</td>
    </tr>
    <tr>
      <th>SurprisalScore_c</th>
      <td>0.024319</td>
      <td>0.000427</td>
      <td>56.888478</td>
    </tr>
  </tbody>
</table>","<table border=""1"" class=""dataframe"">
  <thead>
    <tr style=""text-align: right;"">
      <th></th>
      <th>grp</th>
      <th>var1</th>
      <th>var2</th>
      <th>vcov</th>
      <th>sdcor</th>
    </tr>
  </thead>
  <tbody>
    <tr>
      <th>1</th>
      <td>WorkerID</td>
      <td>(Intercept)</td>
      <td>None</td>
      <td>0.060806</td>
      <td>0.246588</td>
    </tr>
    <tr>
      <th>2</th>
      <td>POSTag</td>
      <td>(Intercept)</td>
      <td>None</td>
      <td>0.002023</td>
      <td>0.044982</td>
    </tr>
    <tr>
      <th>3</th>
      <td>Residual</td>
      <td>None</td>
      <td>None</td>
      <td>0.087195</td>
      <td>0.295288</td>
    </tr>
  </tbody>
</table>","<table border=""1"" class=""dataframe"">
  <thead>
    <tr style=""text-align: right;"">
      <th></th>
      <th>grp</th>
      <th>var1</th>
      <th>var2</th>
      <th>vcov</th>
      <th>sdcor</th>
    </tr>
  </thead>
  <tbody>
    <tr>
      <th>1</th>
      <td>WorkerID</td>
      <td>(Intercept)</td>
      <td>None</td>
      <td>0.060806</td>
      <td>0.246588</td>
    </tr>
    <tr>
      <th>2</th>
      <td>POSTag</td>
      <td>(Intercept)</td>
      <td>None</td>
      <td>0.002023</td>
      <td>0.044982</td>
    </tr>
    <tr>
      <th>3</th>
      <td>Residual</td>
      <td>None</td>
      <td>None</td>
      <td>0.087195</td>
      <td>0.295288</td>
    </tr>
  </tbody>
</table>"
8465093,LogRT ~ CharacterLength_c + LogFrequencies_c + SurprisalScore_c + (1 | WorkerID) + (1 | POSTag),-169701.1799247122,0.0249250118155711,1671.0417454324488,339416.3598494244,339497.92062933417,848767,LogRT ~ CharacterLength_c + LogFrequencies_c + (1 | WorkerID) + (1 | POSTag),"<table border=""1"" class=""dataframe"">
  <thead>
    <tr style=""text-align: right;"">
      <th></th>
      <th>Estimate</th>
      <th>Std. Error</th>
      <th>t value</th>
    </tr>
  </thead>
  <tbody>
    <tr>
      <th>(Intercept)</th>
      <td>5.736442</td>
      <td>0.022798</td>
      <td>251.616432</td>
    </tr>
    <tr>
      <th>CharacterLength_c</th>
      <td>0.008504</td>
      <td>0.000514</td>
      <td>16.537124</td>
    </tr>
    <tr>
      <th>LogFrequencies_c</th>
      <td>-0.012711</td>
      <td>0.000654</td>
      <td>-19.421704</td>
    </tr>
    <tr>
      <th>SurprisalScore_c</th>
      <td>0.024925</td>
      <td>0.000431</td>
      <td>57.867884</td>
    </tr>
  </tbody>
</table>","<table border=""1"" class=""dataframe"">
  <thead>
    <tr style=""text-align: right;"">
      <th></th>
      <th>grp</th>
      <th>var1</th>
      <th>var2</th>
      <th>vcov</th>
      <th>sdcor</th>
    </tr>
  </thead>
  <tbody>
    <tr>
      <th>1</th>
      <td>WorkerID</td>
      <td>(Intercept)</td>
      <td>None</td>
      <td>0.060822</td>
      <td>0.246620</td>
    </tr>
    <tr>
      <th>2</th>
      <td>POSTag</td>
      <td>(Intercept)</td>
      <td>None</td>
      <td>0.001977</td>
      <td>0.044466</td>
    </tr>
    <tr>
      <th>3</th>
      <td>Residual</td>
      <td>None</td>
      <td>None</td>
      <td>0.087184</td>
      <td>0.295269</td>
    </tr>
  </tbody>
</table>","<table border=""1"" class=""dataframe"">
  <thead>
    <tr style=""text-align: right;"">
      <th></th>
      <th>grp</th>
      <th>var1</th>
      <th>var2</th>
      <th>vcov</th>
      <th>sdcor</th>
    </tr>
  </thead>
  <tbody>
    <tr>
      <th>1</th>
      <td>WorkerID</td>
      <td>(Intercept)</td>
      <td>None</td>
      <td>0.060822</td>
      <td>0.246620</td>
    </tr>
    <tr>
      <th>2</th>
      <td>POSTag</td>
      <td>(Intercept)</td>
      <td>None</td>
      <td>0.001977</td>
      <td>0.044466</td>
    </tr>
    <tr>
      <th>3</th>
      <td>Residual</td>
      <td>None</td>
      <td>None</td>
      <td>0.087184</td>
      <td>0.295269</td>
    </tr>
  </tbody>
</table>"
6892221,LogRT ~ CharacterLength_c + LogFrequencies_c + SurprisalScore_c + (1 | WorkerID) + (1 | POSTag),-169783.72178247315,0.0247972864658394,1588.4998876714965,339581.4435649463,339663.0043448561,848767,LogRT ~ CharacterLength_c + LogFrequencies_c + (1 | WorkerID) + (1 | POSTag),"<table border=""1"" class=""dataframe"">
  <thead>
    <tr style=""text-align: right;"">
      <th></th>
      <th>Estimate</th>
      <th>Std. Error</th>
      <th>t value</th>
    </tr>
  </thead>
  <tbody>
    <tr>
      <th>(Intercept)</th>
      <td>5.736972</td>
      <td>0.022978</td>
      <td>249.670704</td>
    </tr>
    <tr>
      <th>CharacterLength_c</th>
      <td>0.008416</td>
      <td>0.000515</td>
      <td>16.351264</td>
    </tr>
    <tr>
      <th>LogFrequencies_c</th>
      <td>-0.012404</td>
      <td>0.000659</td>
      <td>-18.820198</td>
    </tr>
    <tr>
      <th>SurprisalScore_c</th>
      <td>0.024797</td>
      <td>0.000440</td>
      <td>56.417688</td>
    </tr>
  </tbody>
</table>","<table border=""1"" class=""dataframe"">
  <thead>
    <tr style=""text-align: right;"">
      <th></th>
      <th>grp</th>
      <th>var1</th>
      <th>var2</th>
      <th>vcov</th>
      <th>sdcor</th>
    </tr>
  </thead>
  <tbody>
    <tr>
      <th>1</th>
      <td>WorkerID</td>
      <td>(Intercept)</td>
      <td>None</td>
      <td>0.060820</td>
      <td>0.246618</td>
    </tr>
    <tr>
      <th>2</th>
      <td>POSTag</td>
      <td>(Intercept)</td>
      <td>None</td>
      <td>0.002068</td>
      <td>0.045473</td>
    </tr>
    <tr>
      <th>3</th>
      <td>Residual</td>
      <td>None</td>
      <td>None</td>
      <td>0.087201</td>
      <td>0.295297</td>
    </tr>
  </tbody>
</table>","<table border=""1"" class=""dataframe"">
  <thead>
    <tr style=""text-align: right;"">
      <th></th>
      <th>grp</th>
      <th>var1</th>
      <th>var2</th>
      <th>vcov</th>
      <th>sdcor</th>
    </tr>
  </thead>
  <tbody>
    <tr>
      <th>1</th>
      <td>WorkerID</td>
      <td>(Intercept)</td>
      <td>None</td>
      <td>0.060820</td>
      <td>0.246618</td>
    </tr>
    <tr>
      <th>2</th>
      <td>POSTag</td>
      <td>(Intercept)</td>
      <td>None</td>
      <td>0.002068</td>
      <td>0.045473</td>
    </tr>
    <tr>
      <th>3</th>
      <td>Residual</td>
      <td>None</td>
      <td>None</td>
      <td>0.087201</td>
      <td>0.295297</td>
    </tr>
  </tbody>
</table>"
6839431,LogRT ~ CharacterLength_c + LogFrequencies_c + SurprisalScore_c + (1 | WorkerID) + (1 | POSTag),-169812.3302853234,0.0245569890697212,1559.8913848212396,339638.6605706468,339720.2213505566,848767,LogRT ~ CharacterLength_c + LogFrequencies_c + (1 | WorkerID) + (1 | POSTag),"<table border=""1"" class=""dataframe"">
  <thead>
    <tr style=""text-align: right;"">
      <th></th>
      <th>Estimate</th>
      <th>Std. Error</th>
      <th>t value</th>
    </tr>
  </thead>
  <tbody>
    <tr>
      <th>(Intercept)</th>
      <td>5.737006</td>
      <td>0.022928</td>
      <td>250.223609</td>
    </tr>
    <tr>
      <th>CharacterLength_c</th>
      <td>0.008791</td>
      <td>0.000514</td>
      <td>17.103323</td>
    </tr>
    <tr>
      <th>LogFrequencies_c</th>
      <td>-0.012538</td>
      <td>0.000659</td>
      <td>-19.023237</td>
    </tr>
    <tr>
      <th>SurprisalScore_c</th>
      <td>0.024557</td>
      <td>0.000439</td>
      <td>55.906427</td>
    </tr>
  </tbody>
</table>","<table border=""1"" class=""dataframe"">
  <thead>
    <tr style=""text-align: right;"">
      <th></th>
      <th>grp</th>
      <th>var1</th>
      <th>var2</th>
      <th>vcov</th>
      <th>sdcor</th>
    </tr>
  </thead>
  <tbody>
    <tr>
      <th>1</th>
      <td>WorkerID</td>
      <td>(Intercept)</td>
      <td>None</td>
      <td>0.060810</td>
      <td>0.246597</td>
    </tr>
    <tr>
      <th>2</th>
      <td>POSTag</td>
      <td>(Intercept)</td>
      <td>None</td>
      <td>0.002043</td>
      <td>0.045198</td>
    </tr>
    <tr>
      <th>3</th>
      <td>Residual</td>
      <td>None</td>
      <td>None</td>
      <td>0.087206</td>
      <td>0.295307</td>
    </tr>
  </tbody>
</table>","<table border=""1"" class=""dataframe"">
  <thead>
    <tr style=""text-align: right;"">
      <th></th>
      <th>grp</th>
      <th>var1</th>
      <th>var2</th>
      <th>vcov</th>
      <th>sdcor</th>
    </tr>
  </thead>
  <tbody>
    <tr>
      <th>1</th>
      <td>WorkerID</td>
      <td>(Intercept)</td>
      <td>None</td>
      <td>0.060810</td>
      <td>0.246597</td>
    </tr>
    <tr>
      <th>2</th>
      <td>POSTag</td>
      <td>(Intercept)</td>
      <td>None</td>
      <td>0.002043</td>
      <td>0.045198</td>
    </tr>
    <tr>
      <th>3</th>
      <td>Residual</td>
      <td>None</td>
      <td>None</td>
      <td>0.087206</td>
      <td>0.295307</td>
    </tr>
  </tbody>
</table>"
8117283,LogRT ~ CharacterLength_c + LogFrequencies_c + SurprisalScore_c + (1 | WorkerID) + (1 | POSTag),-169908.31780758724,0.0226602798505279,1463.903862557403,339830.6356151745,339912.19639508426,848767,LogRT ~ CharacterLength_c + LogFrequencies_c + (1 | WorkerID) + (1 | POSTag),"<table border=""1"" class=""dataframe"">
  <thead>
    <tr style=""text-align: right;"">
      <th></th>
      <th>Estimate</th>
      <th>Std. Error</th>
      <th>t value</th>
    </tr>
  </thead>
  <tbody>
    <tr>
      <th>(Intercept)</th>
      <td>5.736825</td>
      <td>0.022983</td>
      <td>249.614226</td>
    </tr>
    <tr>
      <th>CharacterLength_c</th>
      <td>0.008767</td>
      <td>0.000514</td>
      <td>17.046649</td>
    </tr>
    <tr>
      <th>LogFrequencies_c</th>
      <td>-0.014778</td>
      <td>0.000647</td>
      <td>-22.844858</td>
    </tr>
    <tr>
      <th>SurprisalScore_c</th>
      <td>0.022660</td>
      <td>0.000418</td>
      <td>54.155936</td>
    </tr>
  </tbody>
</table>","<table border=""1"" class=""dataframe"">
  <thead>
    <tr style=""text-align: right;"">
      <th></th>
      <th>grp</th>
      <th>var1</th>
      <th>var2</th>
      <th>vcov</th>
      <th>sdcor</th>
    </tr>
  </thead>
  <tbody>
    <tr>
      <th>1</th>
      <td>WorkerID</td>
      <td>(Intercept)</td>
      <td>None</td>
      <td>0.060821</td>
      <td>0.246620</td>
    </tr>
    <tr>
      <th>2</th>
      <td>POSTag</td>
      <td>(Intercept)</td>
      <td>None</td>
      <td>0.002070</td>
      <td>0.045497</td>
    </tr>
    <tr>
      <th>3</th>
      <td>Residual</td>
      <td>None</td>
      <td>None</td>
      <td>0.087226</td>
      <td>0.295341</td>
    </tr>
  </tbody>
</table>","<table border=""1"" class=""dataframe"">
  <thead>
    <tr style=""text-align: right;"">
      <th></th>
      <th>grp</th>
      <th>var1</th>
      <th>var2</th>
      <th>vcov</th>
      <th>sdcor</th>
    </tr>
  </thead>
  <tbody>
    <tr>
      <th>1</th>
      <td>WorkerID</td>
      <td>(Intercept)</td>
      <td>None</td>
      <td>0.060821</td>
      <td>0.246620</td>
    </tr>
    <tr>
      <th>2</th>
      <td>POSTag</td>
      <td>(Intercept)</td>
      <td>None</td>
      <td>0.002070</td>
      <td>0.045497</td>
    </tr>
    <tr>
      <th>3</th>
      <td>Residual</td>
      <td>None</td>
      <td>None</td>
      <td>0.087226</td>
      <td>0.295341</td>
    </tr>
  </tbody>
</table>"
8117326,LogRT ~ CharacterLength_c + LogFrequencies_c + SurprisalScore_c + (1 | WorkerID) + (1 | POSTag),-169905.36289675077,0.0229876802897848,1466.8587733938766,339824.72579350154,339906.2865734113,848767,LogRT ~ CharacterLength_c + LogFrequencies_c + (1 | WorkerID) + (1 | POSTag),"<table border=""1"" class=""dataframe"">
  <thead>
    <tr style=""text-align: right;"">
      <th></th>
      <th>Estimate</th>
      <th>Std. Error</th>
      <th>t value</th>
    </tr>
  </thead>
  <tbody>
    <tr>
      <th>(Intercept)</th>
      <td>5.737141</td>
      <td>0.023129</td>
      <td>248.051238</td>
    </tr>
    <tr>
      <th>CharacterLength_c</th>
      <td>0.008735</td>
      <td>0.000514</td>
      <td>16.981595</td>
    </tr>
    <tr>
      <th>LogFrequencies_c</th>
      <td>-0.014257</td>
      <td>0.000650</td>
      <td>-21.926649</td>
    </tr>
    <tr>
      <th>SurprisalScore_c</th>
      <td>0.022988</td>
      <td>0.000424</td>
      <td>54.210662</td>
    </tr>
  </tbody>
</table>","<table border=""1"" class=""dataframe"">
  <thead>
    <tr style=""text-align: right;"">
      <th></th>
      <th>grp</th>
      <th>var1</th>
      <th>var2</th>
      <th>vcov</th>
      <th>sdcor</th>
    </tr>
  </thead>
  <tbody>
    <tr>
      <th>1</th>
      <td>WorkerID</td>
      <td>(Intercept)</td>
      <td>None</td>
      <td>0.060811</td>
      <td>0.246599</td>
    </tr>
    <tr>
      <th>2</th>
      <td>POSTag</td>
      <td>(Intercept)</td>
      <td>None</td>
      <td>0.002145</td>
      <td>0.046311</td>
    </tr>
    <tr>
      <th>3</th>
      <td>Residual</td>
      <td>None</td>
      <td>None</td>
      <td>0.087226</td>
      <td>0.295340</td>
    </tr>
  </tbody>
</table>","<table border=""1"" class=""dataframe"">
  <thead>
    <tr style=""text-align: right;"">
      <th></th>
      <th>grp</th>
      <th>var1</th>
      <th>var2</th>
      <th>vcov</th>
      <th>sdcor</th>
    </tr>
  </thead>
  <tbody>
    <tr>
      <th>1</th>
      <td>WorkerID</td>
      <td>(Intercept)</td>
      <td>None</td>
      <td>0.060811</td>
      <td>0.246599</td>
    </tr>
    <tr>
      <th>2</th>
      <td>POSTag</td>
      <td>(Intercept)</td>
      <td>None</td>
      <td>0.002145</td>
      <td>0.046311</td>
    </tr>
    <tr>
      <th>3</th>
      <td>Residual</td>
      <td>None</td>
      <td>None</td>
      <td>0.087226</td>
      <td>0.295340</td>
    </tr>
  </tbody>
</table>"
8465608,LogRT ~ CharacterLength_c + LogFrequencies_c + SurprisalScore_c + (1 | WorkerID) + (1 | POSTag),-169707.21669933927,0.0247859492563443,1665.0049708053702,339428.4333986785,339509.9941785883,848767,LogRT ~ CharacterLength_c + LogFrequencies_c + (1 | WorkerID) + (1 | POSTag),"<table border=""1"" class=""dataframe"">
  <thead>
    <tr style=""text-align: right;"">
      <th></th>
      <th>Estimate</th>
      <th>Std. Error</th>
      <th>t value</th>
    </tr>
  </thead>
  <tbody>
    <tr>
      <th>(Intercept)</th>
      <td>5.736756</td>
      <td>0.022918</td>
      <td>250.313373</td>
    </tr>
    <tr>
      <th>CharacterLength_c</th>
      <td>0.008210</td>
      <td>0.000515</td>
      <td>15.945063</td>
    </tr>
    <tr>
      <th>LogFrequencies_c</th>
      <td>-0.013321</td>
      <td>0.000651</td>
      <td>-20.470268</td>
    </tr>
    <tr>
      <th>SurprisalScore_c</th>
      <td>0.024786</td>
      <td>0.000429</td>
      <td>57.762937</td>
    </tr>
  </tbody>
</table>","<table border=""1"" class=""dataframe"">
  <thead>
    <tr style=""text-align: right;"">
      <th></th>
      <th>grp</th>
      <th>var1</th>
      <th>var2</th>
      <th>vcov</th>
      <th>sdcor</th>
    </tr>
  </thead>
  <tbody>
    <tr>
      <th>1</th>
      <td>WorkerID</td>
      <td>(Intercept)</td>
      <td>None</td>
      <td>0.060819</td>
      <td>0.246615</td>
    </tr>
    <tr>
      <th>2</th>
      <td>POSTag</td>
      <td>(Intercept)</td>
      <td>None</td>
      <td>0.002038</td>
      <td>0.045140</td>
    </tr>
    <tr>
      <th>3</th>
      <td>Residual</td>
      <td>None</td>
      <td>None</td>
      <td>0.087185</td>
      <td>0.295271</td>
    </tr>
  </tbody>
</table>","<table border=""1"" class=""dataframe"">
  <thead>
    <tr style=""text-align: right;"">
      <th></th>
      <th>grp</th>
      <th>var1</th>
      <th>var2</th>
      <th>vcov</th>
      <th>sdcor</th>
    </tr>
  </thead>
  <tbody>
    <tr>
      <th>1</th>
      <td>WorkerID</td>
      <td>(Intercept)</td>
      <td>None</td>
      <td>0.060819</td>
      <td>0.246615</td>
    </tr>
    <tr>
      <th>2</th>
      <td>POSTag</td>
      <td>(Intercept)</td>
      <td>None</td>
      <td>0.002038</td>
      <td>0.045140</td>
    </tr>
    <tr>
      <th>3</th>
      <td>Residual</td>
      <td>None</td>
      <td>None</td>
      <td>0.087185</td>
      <td>0.295271</td>
    </tr>
  </tbody>
</table>"
8465087,LogRT ~ CharacterLength_c + LogFrequencies_c + SurprisalScore_c + (1 | WorkerID) + (1 | POSTag),-169851.2429878357,0.0237607488100599,1520.9786823089526,339716.4859756714,339798.0467555812,848767,LogRT ~ CharacterLength_c + LogFrequencies_c + (1 | WorkerID) + (1 | POSTag),"<table border=""1"" class=""dataframe"">
  <thead>
    <tr style=""text-align: right;"">
      <th></th>
      <th>Estimate</th>
      <th>Std. Error</th>
      <th>t value</th>
    </tr>
  </thead>
  <tbody>
    <tr>
      <th>(Intercept)</th>
      <td>5.737288</td>
      <td>0.023218</td>
      <td>247.101600</td>
    </tr>
    <tr>
      <th>CharacterLength_c</th>
      <td>0.008662</td>
      <td>0.000514</td>
      <td>16.839843</td>
    </tr>
    <tr>
      <th>LogFrequencies_c</th>
      <td>-0.013520</td>
      <td>0.000654</td>
      <td>-20.687695</td>
    </tr>
    <tr>
      <th>SurprisalScore_c</th>
      <td>0.023761</td>
      <td>0.000430</td>
      <td>55.203472</td>
    </tr>
  </tbody>
</table>","<table border=""1"" class=""dataframe"">
  <thead>
    <tr style=""text-align: right;"">
      <th></th>
      <th>grp</th>
      <th>var1</th>
      <th>var2</th>
      <th>vcov</th>
      <th>sdcor</th>
    </tr>
  </thead>
  <tbody>
    <tr>
      <th>1</th>
      <td>WorkerID</td>
      <td>(Intercept)</td>
      <td>None</td>
      <td>0.060817</td>
      <td>0.246610</td>
    </tr>
    <tr>
      <th>2</th>
      <td>POSTag</td>
      <td>(Intercept)</td>
      <td>None</td>
      <td>0.002190</td>
      <td>0.046798</td>
    </tr>
    <tr>
      <th>3</th>
      <td>Residual</td>
      <td>None</td>
      <td>None</td>
      <td>0.087214</td>
      <td>0.295321</td>
    </tr>
  </tbody>
</table>","<table border=""1"" class=""dataframe"">
  <thead>
    <tr style=""text-align: right;"">
      <th></th>
      <th>grp</th>
      <th>var1</th>
      <th>var2</th>
      <th>vcov</th>
      <th>sdcor</th>
    </tr>
  </thead>
  <tbody>
    <tr>
      <th>1</th>
      <td>WorkerID</td>
      <td>(Intercept)</td>
      <td>None</td>
      <td>0.060817</td>
      <td>0.246610</td>
    </tr>
    <tr>
      <th>2</th>
      <td>POSTag</td>
      <td>(Intercept)</td>
      <td>None</td>
      <td>0.002190</td>
      <td>0.046798</td>
    </tr>
    <tr>
      <th>3</th>
      <td>Residual</td>
      <td>None</td>
      <td>None</td>
      <td>0.087214</td>
      <td>0.295321</td>
    </tr>
  </tbody>
</table>"
6892217,LogRT ~ CharacterLength_c + LogFrequencies_c + SurprisalScore_c + (1 | WorkerID) + (1 | POSTag),-169887.54920391188,0.0240204355010263,1484.6724662327615,339789.09840782377,339870.65918773354,848767,LogRT ~ CharacterLength_c + LogFrequencies_c + (1 | WorkerID) + (1 | POSTag),"<table border=""1"" class=""dataframe"">
  <thead>
    <tr style=""text-align: right;"">
      <th></th>
      <th>Estimate</th>
      <th>Std. Error</th>
      <th>t value</th>
    </tr>
  </thead>
  <tbody>
    <tr>
      <th>(Intercept)</th>
      <td>5.736948</td>
      <td>0.022894</td>
      <td>250.586115</td>
    </tr>
    <tr>
      <th>CharacterLength_c</th>
      <td>0.008497</td>
      <td>0.000515</td>
      <td>16.504891</td>
    </tr>
    <tr>
      <th>LogFrequencies_c</th>
      <td>-0.012943</td>
      <td>0.000659</td>
      <td>-19.646834</td>
    </tr>
    <tr>
      <th>SurprisalScore_c</th>
      <td>0.024020</td>
      <td>0.000440</td>
      <td>54.539466</td>
    </tr>
  </tbody>
</table>","<table border=""1"" class=""dataframe"">
  <thead>
    <tr style=""text-align: right;"">
      <th></th>
      <th>grp</th>
      <th>var1</th>
      <th>var2</th>
      <th>vcov</th>
      <th>sdcor</th>
    </tr>
  </thead>
  <tbody>
    <tr>
      <th>1</th>
      <td>WorkerID</td>
      <td>(Intercept)</td>
      <td>None</td>
      <td>0.060834</td>
      <td>0.246646</td>
    </tr>
    <tr>
      <th>2</th>
      <td>POSTag</td>
      <td>(Intercept)</td>
      <td>None</td>
      <td>0.002025</td>
      <td>0.044995</td>
    </tr>
    <tr>
      <th>3</th>
      <td>Residual</td>
      <td>None</td>
      <td>None</td>
      <td>0.087222</td>
      <td>0.295334</td>
    </tr>
  </tbody>
</table>","<table border=""1"" class=""dataframe"">
  <thead>
    <tr style=""text-align: right;"">
      <th></th>
      <th>grp</th>
      <th>var1</th>
      <th>var2</th>
      <th>vcov</th>
      <th>sdcor</th>
    </tr>
  </thead>
  <tbody>
    <tr>
      <th>1</th>
      <td>WorkerID</td>
      <td>(Intercept)</td>
      <td>None</td>
      <td>0.060834</td>
      <td>0.246646</td>
    </tr>
    <tr>
      <th>2</th>
      <td>POSTag</td>
      <td>(Intercept)</td>
      <td>None</td>
      <td>0.002025</td>
      <td>0.044995</td>
    </tr>
    <tr>
      <th>3</th>
      <td>Residual</td>
      <td>None</td>
      <td>None</td>
      <td>0.087222</td>
      <td>0.295334</td>
    </tr>
  </tbody>
</table>"
6839427,LogRT ~ CharacterLength_c + LogFrequencies_c + SurprisalScore_c + (1 | WorkerID) + (1 | POSTag),-169859.45865390965,0.0242976952254828,1512.763016234996,339732.9173078193,339814.4780877291,848767,LogRT ~ CharacterLength_c + LogFrequencies_c + (1 | WorkerID) + (1 | POSTag),"<table border=""1"" class=""dataframe"">
  <thead>
    <tr style=""text-align: right;"">
      <th></th>
      <th>Estimate</th>
      <th>Std. Error</th>
      <th>t value</th>
    </tr>
  </thead>
  <tbody>
    <tr>
      <th>(Intercept)</th>
      <td>5.736799</td>
      <td>0.022845</td>
      <td>251.118866</td>
    </tr>
    <tr>
      <th>CharacterLength_c</th>
      <td>0.009092</td>
      <td>0.000513</td>
      <td>17.706888</td>
    </tr>
    <tr>
      <th>LogFrequencies_c</th>
      <td>-0.012147</td>
      <td>0.000664</td>
      <td>-18.305547</td>
    </tr>
    <tr>
      <th>SurprisalScore_c</th>
      <td>0.024298</td>
      <td>0.000441</td>
      <td>55.053958</td>
    </tr>
  </tbody>
</table>","<table border=""1"" class=""dataframe"">
  <thead>
    <tr style=""text-align: right;"">
      <th></th>
      <th>grp</th>
      <th>var1</th>
      <th>var2</th>
      <th>vcov</th>
      <th>sdcor</th>
    </tr>
  </thead>
  <tbody>
    <tr>
      <th>1</th>
      <td>WorkerID</td>
      <td>(Intercept)</td>
      <td>None</td>
      <td>0.060820</td>
      <td>0.246617</td>
    </tr>
    <tr>
      <th>2</th>
      <td>POSTag</td>
      <td>(Intercept)</td>
      <td>None</td>
      <td>0.002001</td>
      <td>0.044729</td>
    </tr>
    <tr>
      <th>3</th>
      <td>Residual</td>
      <td>None</td>
      <td>None</td>
      <td>0.087216</td>
      <td>0.295324</td>
    </tr>
  </tbody>
</table>","<table border=""1"" class=""dataframe"">
  <thead>
    <tr style=""text-align: right;"">
      <th></th>
      <th>grp</th>
      <th>var1</th>
      <th>var2</th>
      <th>vcov</th>
      <th>sdcor</th>
    </tr>
  </thead>
  <tbody>
    <tr>
      <th>1</th>
      <td>WorkerID</td>
      <td>(Intercept)</td>
      <td>None</td>
      <td>0.060820</td>
      <td>0.246617</td>
    </tr>
    <tr>
      <th>2</th>
      <td>POSTag</td>
      <td>(Intercept)</td>
      <td>None</td>
      <td>0.002001</td>
      <td>0.044729</td>
    </tr>
    <tr>
      <th>3</th>
      <td>Residual</td>
      <td>None</td>
      <td>None</td>
      <td>0.087216</td>
      <td>0.295324</td>
    </tr>
  </tbody>
</table>"
8117280,LogRT ~ CharacterLength_c + LogFrequencies_c + SurprisalScore_c + (1 | WorkerID) + (1 | POSTag),-169841.4345737655,0.0233363720254447,1530.7870963791502,339696.869147531,339778.4299274408,848767,LogRT ~ CharacterLength_c + LogFrequencies_c + (1 | WorkerID) + (1 | POSTag),"<table border=""1"" class=""dataframe"">
  <thead>
    <tr style=""text-align: right;"">
      <th></th>
      <th>Estimate</th>
      <th>Std. Error</th>
      <th>t value</th>
    </tr>
  </thead>
  <tbody>
    <tr>
      <th>(Intercept)</th>
      <td>5.737161</td>
      <td>0.023123</td>
      <td>248.110776</td>
    </tr>
    <tr>
      <th>CharacterLength_c</th>
      <td>0.008484</td>
      <td>0.000515</td>
      <td>16.482630</td>
    </tr>
    <tr>
      <th>LogFrequencies_c</th>
      <td>-0.014260</td>
      <td>0.000648</td>
      <td>-21.992285</td>
    </tr>
    <tr>
      <th>SurprisalScore_c</th>
      <td>0.023336</td>
      <td>0.000421</td>
      <td>55.381448</td>
    </tr>
  </tbody>
</table>","<table border=""1"" class=""dataframe"">
  <thead>
    <tr style=""text-align: right;"">
      <th></th>
      <th>grp</th>
      <th>var1</th>
      <th>var2</th>
      <th>vcov</th>
      <th>sdcor</th>
    </tr>
  </thead>
  <tbody>
    <tr>
      <th>1</th>
      <td>WorkerID</td>
      <td>(Intercept)</td>
      <td>None</td>
      <td>0.060819</td>
      <td>0.246615</td>
    </tr>
    <tr>
      <th>2</th>
      <td>POSTag</td>
      <td>(Intercept)</td>
      <td>None</td>
      <td>0.002141</td>
      <td>0.046276</td>
    </tr>
    <tr>
      <th>3</th>
      <td>Residual</td>
      <td>None</td>
      <td>None</td>
      <td>0.087212</td>
      <td>0.295317</td>
    </tr>
  </tbody>
</table>","<table border=""1"" class=""dataframe"">
  <thead>
    <tr style=""text-align: right;"">
      <th></th>
      <th>grp</th>
      <th>var1</th>
      <th>var2</th>
      <th>vcov</th>
      <th>sdcor</th>
    </tr>
  </thead>
  <tbody>
    <tr>
      <th>1</th>
      <td>WorkerID</td>
      <td>(Intercept)</td>
      <td>None</td>
      <td>0.060819</td>
      <td>0.246615</td>
    </tr>
    <tr>
      <th>2</th>
      <td>POSTag</td>
      <td>(Intercept)</td>
      <td>None</td>
      <td>0.002141</td>
      <td>0.046276</td>
    </tr>
    <tr>
      <th>3</th>
      <td>Residual</td>
      <td>None</td>
      <td>None</td>
      <td>0.087212</td>
      <td>0.295317</td>
    </tr>
  </tbody>
</table>"
8117321,LogRT ~ CharacterLength_c + LogFrequencies_c + SurprisalScore_c + (1 | WorkerID) + (1 | POSTag),-169870.14816742012,0.023341549222317185,1502.0735027245246,339754.29633484024,339835.85711475,848767,LogRT ~ CharacterLength_c + LogFrequencies_c + (1 | WorkerID) + (1 | POSTag),"<table border=""1"" class=""dataframe"">
  <thead>
    <tr style=""text-align: right;"">
      <th></th>
      <th>Estimate</th>
      <th>Std. Error</th>
      <th>t value</th>
    </tr>
  </thead>
  <tbody>
    <tr>
      <th>(Intercept)</th>
      <td>5.737201</td>
      <td>0.023132</td>
      <td>248.021018</td>
    </tr>
    <tr>
      <th>CharacterLength_c</th>
      <td>0.008586</td>
      <td>0.000515</td>
      <td>16.685970</td>
    </tr>
    <tr>
      <th>LogFrequencies_c</th>
      <td>-0.014013</td>
      <td>0.000651</td>
      <td>-21.532410</td>
    </tr>
    <tr>
      <th>SurprisalScore_c</th>
      <td>0.023342</td>
      <td>0.000425</td>
      <td>54.858658</td>
    </tr>
  </tbody>
</table>","<table border=""1"" class=""dataframe"">
  <thead>
    <tr style=""text-align: right;"">
      <th></th>
      <th>grp</th>
      <th>var1</th>
      <th>var2</th>
      <th>vcov</th>
      <th>sdcor</th>
    </tr>
  </thead>
  <tbody>
    <tr>
      <th>1</th>
      <td>WorkerID</td>
      <td>(Intercept)</td>
      <td>None</td>
      <td>0.060810</td>
      <td>0.246598</td>
    </tr>
    <tr>
      <th>2</th>
      <td>POSTag</td>
      <td>(Intercept)</td>
      <td>None</td>
      <td>0.002146</td>
      <td>0.046328</td>
    </tr>
    <tr>
      <th>3</th>
      <td>Residual</td>
      <td>None</td>
      <td>None</td>
      <td>0.087218</td>
      <td>0.295327</td>
    </tr>
  </tbody>
</table>","<table border=""1"" class=""dataframe"">
  <thead>
    <tr style=""text-align: right;"">
      <th></th>
      <th>grp</th>
      <th>var1</th>
      <th>var2</th>
      <th>vcov</th>
      <th>sdcor</th>
    </tr>
  </thead>
  <tbody>
    <tr>
      <th>1</th>
      <td>WorkerID</td>
      <td>(Intercept)</td>
      <td>None</td>
      <td>0.060810</td>
      <td>0.246598</td>
    </tr>
    <tr>
      <th>2</th>
      <td>POSTag</td>
      <td>(Intercept)</td>
      <td>None</td>
      <td>0.002146</td>
      <td>0.046328</td>
    </tr>
    <tr>
      <th>3</th>
      <td>Residual</td>
      <td>None</td>
      <td>None</td>
      <td>0.087218</td>
      <td>0.295327</td>
    </tr>
  </tbody>
</table>"
